#
# There is insufficient memory for the Java Runtime Environment to continue.
# Native memory allocation (mmap) failed to map 2097152 bytes. Error detail: G1 virtual space
# Possible reasons:
#   The system is out of physical RAM or swap space
#   This process is running with CompressedOops enabled, and the Java Heap may be blocking the growth of the native heap
# Possible solutions:
#   Reduce memory load on the system
#   Increase physical memory or swap space
#   Check if swap backing store is full
#   Decrease Java heap size (-Xmx/-Xms)
#   Decrease number of Java threads
#   Decrease Java thread stack sizes (-Xss)
#   Set larger code cache with -XX:ReservedCodeCacheSize=
#   JVM is running with Zero Based Compressed Oops mode in which the Java heap is
#     placed in the first 32GB address space. The Java Heap base address is the
#     maximum limit for the native heap growth. Please use -XX:HeapBaseMinAddress
#     to set the Java Heap base and to place the Java Heap above 32GB virtual address.
# This output file may be truncated or incomplete.
#
#  Out of Memory Error (os_windows.cpp:3603), pid=5396, tid=36516
#
# JRE version: OpenJDK Runtime Environment Temurin-21.0.3+9 (21.0.3+9) (build 21.0.3+9-LTS)
# Java VM: OpenJDK 64-Bit Server VM Temurin-21.0.3+9 (21.0.3+9-LTS, mixed mode, tiered, compressed oops, compressed class ptrs, g1 gc, windows-amd64)
# No core dump will be written. Minidumps are not enabled by default on client versions of Windows
#

---------------  S U M M A R Y ------------

Command Line: -Dfile.encoding=UTF-8 -Dstdout.encoding=UTF-8 -Dstderr.encoding=UTF-8 -XX:+ShowCodeDetailsInExceptionMessages com.gs.coem.users.TaskServiceUsersApplication

Host: 11th Gen Intel(R) Core(TM) i7-1165G7 @ 2.80GHz, 8 cores, 15G,  Windows 11 , 64 bit Build 22621 (10.0.22621.2215)
Time: Tue Aug  6 21:59:40 2024 Hora estándar central (México) elapsed time: 15.088600 seconds (0d 0h 0m 15s)

---------------  T H R E A D  ---------------

Current thread (0x0000000023d39760):  JavaThread "org.springframework.kafka.KafkaListenerEndpointContainer#0-0-C-1"        [_thread_in_vm, id=36516, stack(0x0000000028960000,0x0000000028a60000) (1024K)]

Stack: [0x0000000028960000,0x0000000028a60000]
Native frames: (J=compiled Java code, j=interpreted, Vv=VM code, C=native code)
V  [jvm.dll+0x6c8699]
V  [jvm.dll+0x8a2061]
V  [jvm.dll+0x8a458e]
V  [jvm.dll+0x8a4c63]
V  [jvm.dll+0x27e476]
V  [jvm.dll+0x6c4e15]
V  [jvm.dll+0x6b9b0a]
V  [jvm.dll+0x3523ba]
V  [jvm.dll+0x359f66]
V  [jvm.dll+0x3aaebb]
V  [jvm.dll+0x3ab554]
V  [jvm.dll+0x3ab0c6]
V  [jvm.dll+0x326a2e]
V  [jvm.dll+0x324c6f]
V  [jvm.dll+0x659950]
V  [jvm.dll+0x23db72]
V  [jvm.dll+0x867b57]
V  [jvm.dll+0x3d2c7a]
C  0x000000000d7eb389

The last pc belongs to newarray (printed below).
Java frames: (J=compiled Java code, j=interpreted, Vv=VM code)
j  java.nio.HeapByteBuffer.<init>(IILjava/lang/foreign/MemorySegment;)V+6 java.base@21.0.3
j  java.nio.ByteBuffer.allocate(I)Ljava/nio/ByteBuffer;+16 java.base@21.0.3
j  org.apache.kafka.common.memory.MemoryPool$1.tryAllocate(I)Ljava/nio/ByteBuffer;+1
j  org.apache.kafka.common.network.NetworkReceive.readFrom(Ljava/nio/channels/ScatteringByteChannel;)J+208
j  org.apache.kafka.common.network.KafkaChannel.receive(Lorg/apache/kafka/common/network/NetworkReceive;)J+5
j  org.apache.kafka.common.network.KafkaChannel.read()J+35
j  org.apache.kafka.common.network.Selector.attemptRead(Lorg/apache/kafka/common/network/KafkaChannel;)V+6
j  org.apache.kafka.common.network.Selector.pollSelectionKeys(Ljava/util/Set;ZJ)V+506
j  org.apache.kafka.common.network.Selector.poll(J)V+305
j  org.apache.kafka.clients.NetworkClient.poll(JJ)Ljava/util/List;+76
j  org.apache.kafka.clients.consumer.internals.ConsumerNetworkClient.poll(Lorg/apache/kafka/common/utils/Timer;Lorg/apache/kafka/clients/consumer/internals/ConsumerNetworkClient$PollCondition;Z)V+92
j  org.apache.kafka.clients.consumer.internals.ConsumerNetworkClient.poll(Lorg/apache/kafka/common/utils/Timer;Lorg/apache/kafka/clients/consumer/internals/ConsumerNetworkClient$PollCondition;)V+4
j  org.apache.kafka.clients.consumer.internals.ConsumerNetworkClient.poll(Lorg/apache/kafka/common/utils/Timer;)V+3
j  org.apache.kafka.clients.consumer.internals.ConsumerNetworkClient.awaitMetadataUpdate(Lorg/apache/kafka/common/utils/Timer;)Z+10
j  org.apache.kafka.clients.consumer.internals.AbstractCoordinator.ensureCoordinatorReady(Lorg/apache/kafka/common/utils/Timer;)Z+89
j  org.apache.kafka.clients.consumer.internals.ConsumerCoordinator.coordinatorUnknownAndUnready(Lorg/apache/kafka/common/utils/Timer;)Z+9
j  org.apache.kafka.clients.consumer.internals.ConsumerCoordinator.poll(Lorg/apache/kafka/common/utils/Timer;Z)Z+45
j  org.apache.kafka.clients.consumer.KafkaConsumer.updateAssignmentMetadataIfNeeded(Lorg/apache/kafka/common/utils/Timer;Z)Z+13
j  org.apache.kafka.clients.consumer.KafkaConsumer.poll(Lorg/apache/kafka/common/utils/Timer;Z)Lorg/apache/kafka/clients/consumer/ConsumerRecords;+49
j  org.apache.kafka.clients.consumer.KafkaConsumer.poll(Ljava/time/Duration;)Lorg/apache/kafka/clients/consumer/ConsumerRecords;+12
j  org.springframework.kafka.listener.KafkaMessageListenerContainer$ListenerConsumer.pollConsumer()Lorg/apache/kafka/clients/consumer/ConsumerRecords;+12
j  org.springframework.kafka.listener.KafkaMessageListenerContainer$ListenerConsumer.doPoll()Lorg/apache/kafka/clients/consumer/ConsumerRecords;+124
j  org.springframework.kafka.listener.KafkaMessageListenerContainer$ListenerConsumer.pollAndInvoke()V+77
j  org.springframework.kafka.listener.KafkaMessageListenerContainer$ListenerConsumer.run()V+71
j  java.util.concurrent.Executors$RunnableAdapter.call()Ljava/lang/Object;+4 java.base@21.0.3
j  java.util.concurrent.FutureTask.run()V+39 java.base@21.0.3
j  java.lang.Thread.runWith(Ljava/lang/Object;Ljava/lang/Runnable;)V+5 java.base@21.0.3
j  java.lang.Thread.run()V+19 java.base@21.0.3
v  ~StubRoutines::call_stub 0x000000000d7d10e7
newarray  188 newarray  [0x000000000d7eb320, 0x000000000d7eb3f8]  216 bytes
[MachCode]
  0x000000000d7eb320: 8b04 2448 | 83c4 0841 | 0fb6 5501 | e805 0000 | 00e9 ab00 | 0000 4c8b | c048 8d44 | 2408 4c89 
  0x000000000d7eb340: 6dc0 498b | cfc5 f877 | 4989 afa8 | 0300 0049 | 8987 9803 | 0000 4883 | ec20 40f6 | c40f 0f84 
  0x000000000d7eb360: 1900 0000 | 4883 ec08 | 48b8 502c | 11f7 f97f | 0000 ffd0 | 4883 c408 | e90c 0000 | 0048 b850 
  0x000000000d7eb380: 2c11 f7f9 | 7f00 00ff | d048 83c4 | 2049 c787 | 9803 0000 | 0000 0000 | 49c7 87a8 | 0300 0000 
  0x000000000d7eb3a0: 0000 0049 | c787 a003 | 0000 0000 | 0000 c5f8 | 7749 837f | 0800 0f84 | 0500 0000 | e93f 5bfe 
  0x000000000d7eb3c0: ff49 8b87 | f003 0000 | 49c7 87f0 | 0300 0000 | 0000 004c | 8b6d c04c | 8b75 c84e | 8d74 f500 
  0x000000000d7eb3e0: c341 0fb6 | 5d02 4983 | c502 49ba | 205b 9ff7 | f97f 0000 | 41ff 24da 
[/MachCode]

---------------  P R O C E S S  ---------------

Threads class SMR info:
_java_thread_list=0x0000000027e385b0, length=31, elements={
0x000000001db0f750, 0x000000001dadd6c0, 0x000000001db13220, 0x000000001db158b0,
0x000000001db1a6d0, 0x000000001db1ad40, 0x000000001db1b6e0, 0x000000001dae6e00,
0x000000001dcc4530, 0x000000001dccdb70, 0x0000000023abf9d0, 0x0000000025cae030,
0x0000000023d3b1a0, 0x0000000023d3a480, 0x0000000023d3bec0, 0x0000000023d38a40,
0x0000000023d3ab10, 0x0000000023d39760, 0x0000000023d3b830, 0x0000000023d390d0,
0x0000000023d39df0, 0x000000002568a1c0, 0x0000000025686d40, 0x00000000256880f0,
0x00000000256838c0, 0x00000000256845e0, 0x0000000025689b30, 0x0000000025688780,
0x0000000025683f50, 0x0000000025688e10, 0x0000000025683230
}

Java Threads: ( => current thread )
  0x000000001db0f750 JavaThread "Reference Handler"          daemon [_thread_blocked, id=27224, stack(0x0000000022130000,0x0000000022230000) (1024K)]
  0x000000001dadd6c0 JavaThread "Finalizer"                  daemon [_thread_blocked, id=8964, stack(0x0000000022230000,0x0000000022330000) (1024K)]
  0x000000001db13220 JavaThread "Signal Dispatcher"          daemon [_thread_blocked, id=14664, stack(0x0000000022330000,0x0000000022430000) (1024K)]
  0x000000001db158b0 JavaThread "Attach Listener"            daemon [_thread_blocked, id=19700, stack(0x0000000022430000,0x0000000022530000) (1024K)]
  0x000000001db1a6d0 JavaThread "Service Thread"             daemon [_thread_blocked, id=46096, stack(0x0000000022530000,0x0000000022630000) (1024K)]
  0x000000001db1ad40 JavaThread "Monitor Deflation Thread"   daemon [_thread_blocked, id=43484, stack(0x0000000022630000,0x0000000022730000) (1024K)]
  0x000000001db1b6e0 JavaThread "C2 CompilerThread0"         daemon [_thread_blocked, id=27692, stack(0x0000000022730000,0x0000000022830000) (1024K)]
  0x000000001dae6e00 JavaThread "C1 CompilerThread0"         daemon [_thread_blocked, id=7156, stack(0x0000000022830000,0x0000000022930000) (1024K)]
  0x000000001dcc4530 JavaThread "Notification Thread"        daemon [_thread_blocked, id=16452, stack(0x0000000022930000,0x0000000022a30000) (1024K)]
  0x000000001dccdb70 JavaThread "Common-Cleaner"             daemon [_thread_blocked, id=6480, stack(0x0000000022a30000,0x0000000022b30000) (1024K)]
  0x0000000023abf9d0 JavaThread "Catalina-utility-1"                [_thread_blocked, id=45468, stack(0x00000000252b0000,0x00000000253b0000) (1024K)]
  0x0000000025cae030 JavaThread "Catalina-utility-2"                [_thread_blocked, id=28932, stack(0x0000000027550000,0x0000000027650000) (1024K)]
  0x0000000023d3b1a0 JavaThread "container-0"                       [_thread_blocked, id=6920, stack(0x0000000027650000,0x0000000027750000) (1024K)]
  0x0000000023d3a480 JavaThread "File Watcher"               daemon [_thread_blocked, id=33620, stack(0x0000000028b30000,0x0000000028c30000) (1024K)]
  0x0000000023d3bec0 JavaThread "Live Reload Server"         daemon [_thread_in_native, id=18664, stack(0x0000000027850000,0x0000000027950000) (1024K)]
  0x0000000023d38a40 JavaThread "spring.cloud.inetutils"     daemon [_thread_in_native, id=21652, stack(0x0000000027750000,0x0000000027850000) (1024K)]
  0x0000000023d3ab10 JavaThread "ThreadPoolTaskScheduler-1"         [_thread_blocked, id=42540, stack(0x0000000024e70000,0x0000000024f70000) (1024K)]
=>0x0000000023d39760 JavaThread "org.springframework.kafka.KafkaListenerEndpointContainer#0-0-C-1"        [_thread_in_vm, id=36516, stack(0x0000000028960000,0x0000000028a60000) (1024K)]
  0x0000000023d3b830 JavaThread "http-nio-8082-exec-1"       daemon [_thread_blocked, id=26756, stack(0x0000000028c30000,0x0000000028d30000) (1024K)]
  0x0000000023d390d0 JavaThread "http-nio-8082-exec-2"       daemon [_thread_blocked, id=46548, stack(0x0000000028d30000,0x0000000028e30000) (1024K)]
  0x0000000023d39df0 JavaThread "http-nio-8082-exec-3"       daemon [_thread_blocked, id=12356, stack(0x0000000028e30000,0x0000000028f30000) (1024K)]
  0x000000002568a1c0 JavaThread "http-nio-8082-exec-4"       daemon [_thread_blocked, id=41644, stack(0x0000000029fc0000,0x000000002a0c0000) (1024K)]
  0x0000000025686d40 JavaThread "http-nio-8082-exec-5"       daemon [_thread_blocked, id=6308, stack(0x000000002a0c0000,0x000000002a1c0000) (1024K)]
  0x00000000256880f0 JavaThread "http-nio-8082-exec-6"       daemon [_thread_blocked, id=45168, stack(0x000000002a1c0000,0x000000002a2c0000) (1024K)]
  0x00000000256838c0 JavaThread "http-nio-8082-exec-7"       daemon [_thread_blocked, id=46400, stack(0x000000002a2c0000,0x000000002a3c0000) (1024K)]
  0x00000000256845e0 JavaThread "http-nio-8082-exec-8"       daemon [_thread_blocked, id=26384, stack(0x000000002a3c0000,0x000000002a4c0000) (1024K)]
  0x0000000025689b30 JavaThread "http-nio-8082-exec-9"       daemon [_thread_blocked, id=35776, stack(0x000000002a4c0000,0x000000002a5c0000) (1024K)]
  0x0000000025688780 JavaThread "http-nio-8082-exec-10"      daemon [_thread_blocked, id=33304, stack(0x000000002a5c0000,0x000000002a6c0000) (1024K)]
  0x0000000025683f50 JavaThread "http-nio-8082-Poller"       daemon [_thread_in_native, id=41260, stack(0x000000002a6c0000,0x000000002a7c0000) (1024K)]
  0x0000000025688e10 JavaThread "http-nio-8082-Acceptor"     daemon [_thread_in_native, id=23136, stack(0x000000002a7c0000,0x000000002a8c0000) (1024K)]
  0x0000000025683230 JavaThread "DestroyJavaVM"                     [_thread_blocked, id=45312, stack(0x00000000022c0000,0x00000000023c0000) (1024K)]
Total: 31

Other Threads:
  0x000000001d74be30 VMThread "VM Thread"                           [id=45680, stack(0x000000001de70000,0x000000001df70000) (1024K)]
  0x000000001d6fb170 WatcherThread "VM Periodic Task Thread"        [id=41852, stack(0x000000001d970000,0x000000001da70000) (1024K)]
  0x0000000002471300 WorkerThread "GC Thread#0"                     [id=43708, stack(0x000000001a9e0000,0x000000001aae0000) (1024K)]
  0x00000000232bc370 WorkerThread "GC Thread#1"                     [id=45724, stack(0x0000000024570000,0x0000000024670000) (1024K)]
  0x00000000233236a0 WorkerThread "GC Thread#2"                     [id=22800, stack(0x0000000024670000,0x0000000024770000) (1024K)]
  0x0000000023323a40 WorkerThread "GC Thread#3"                     [id=25440, stack(0x0000000024770000,0x0000000024870000) (1024K)]
  0x0000000023665440 WorkerThread "GC Thread#4"                     [id=12904, stack(0x0000000024870000,0x0000000024970000) (1024K)]
  0x00000000236657e0 WorkerThread "GC Thread#5"                     [id=26440, stack(0x0000000024970000,0x0000000024a70000) (1024K)]
  0x00000000231cb8c0 WorkerThread "GC Thread#6"                     [id=43440, stack(0x0000000024a70000,0x0000000024b70000) (1024K)]
  0x0000000023b2d070 WorkerThread "GC Thread#7"                     [id=20912, stack(0x00000000253b0000,0x00000000254b0000) (1024K)]
  0x0000000002482ff0 ConcurrentGCThread "G1 Main Marker"            [id=33568, stack(0x000000001aae0000,0x000000001abe0000) (1024K)]
  0x0000000002484660 WorkerThread "G1 Conc#0"                       [id=24076, stack(0x000000001abe0000,0x000000001ace0000) (1024K)]
  0x0000000023b2d7b0 WorkerThread "G1 Conc#1"                       [id=38956, stack(0x00000000254b0000,0x00000000255b0000) (1024K)]
  0x000000001d5cd5b0 ConcurrentGCThread "G1 Refine#0"               [id=21716, stack(0x000000001d770000,0x000000001d870000) (1024K)]
  0x000000001d5cdc40 ConcurrentGCThread "G1 Service"                [id=43148, stack(0x000000001d870000,0x000000001d970000) (1024K)]
Total: 15

Threads with active compile tasks:
Total: 0

VM state: not at safepoint (normal execution)

VM Mutex/Monitor currently owned by a thread:  ([mutex/lock_event])
[0x00007ff9f79e2228] Heap_lock - owner thread: 0x0000000023d39760

Heap address: 0x0000000704a00000, size: 4022 MB, Compressed Oops mode: Zero based, Oop shift amount: 3

CDS archive(s) not mapped
Compressed class space mapped at: 0x0000000800000000-0x0000000840000000, reserved size: 1073741824
Narrow klass base: 0x0000000800000000, Narrow klass shift: 0, Narrow klass range: 0x40000000

GC Precious Log:
 CardTable entry size: 512
 Card Set container configuration: InlinePtr #cards 4 size 8 Array Of Cards #cards 16 size 48 Howl #buckets 8 coarsen threshold 3686 Howl Bitmap #cards 512 size 80 coarsen threshold 460 Card regions per heap region 1 cards per card region 4096
 CPUs: 8 total, 8 available
 Memory: 16082M
 Large Page Support: Disabled
 NUMA Support: Disabled
 Compressed Oops: Enabled (Zero based)
 Heap Region Size: 2M
 Heap Min Capacity: 8M
 Heap Initial Capacity: 252M
 Heap Max Capacity: 4022M
 Pre-touch: Disabled
 Parallel Workers: 8
 Concurrent Workers: 2
 Concurrent Refinement Workers: 8
 Periodic GC: Disabled

Heap:
 garbage-first heap   total 3696640K, used 3518180K [0x0000000704a00000, 0x0000000800000000)
  region size 2048K, 18 young (36864K), 3 survivors (6144K)
 Metaspace       used 53885K, committed 54528K, reserved 1114112K
  class space    used 6116K, committed 6400K, reserved 1048576K

Heap Regions: E=young(eden), S=young(survivor), O=old, HS=humongous(starts), HC=humongous(continues), CS=collection set, F=free, TAMS=top-at-mark-start, PB=parsable bottom
|   0|0x0000000704a00000, 0x0000000704c00000, 0x0000000704c00000|100%| O|  |TAMS 0x0000000704a00000| PB 0x0000000704a00000| Untracked 
|   1|0x0000000704c00000, 0x0000000704e00000, 0x0000000704e00000|100%| O|  |TAMS 0x0000000704c00000| PB 0x0000000704c00000| Untracked 
|   2|0x0000000704e00000, 0x0000000705000000, 0x0000000705000000|100%| O|  |TAMS 0x0000000704e00000| PB 0x0000000704e00000| Untracked 
|   3|0x0000000705000000, 0x0000000705200000, 0x0000000705200000|100%| O|  |TAMS 0x0000000705000000| PB 0x0000000705000000| Untracked 
|   4|0x0000000705200000, 0x0000000705400000, 0x0000000705400000|100%| O|  |TAMS 0x0000000705200000| PB 0x0000000705200000| Untracked 
|   5|0x0000000705400000, 0x0000000705600000, 0x0000000705600000|100%| O|  |TAMS 0x0000000705400000| PB 0x0000000705400000| Untracked 
|   6|0x0000000705600000, 0x0000000705800000, 0x0000000705800000|100%| O|  |TAMS 0x0000000705600000| PB 0x0000000705600000| Untracked 
|   7|0x0000000705800000, 0x0000000705a00000, 0x0000000705a00000|100%| O|Cm|TAMS 0x0000000705800000| PB 0x0000000705800000| Complete 
|   8|0x0000000705a00000, 0x0000000705c00000, 0x0000000705c00000|100%| O|  |TAMS 0x0000000705a00000| PB 0x0000000705a00000| Untracked 
|   9|0x0000000705c00000, 0x0000000705c00000, 0x0000000705e00000|  0%| F|  |TAMS 0x0000000705c00000| PB 0x0000000705c00000| Untracked 
|  10|0x0000000705e00000, 0x0000000705e00000, 0x0000000706000000|  0%| F|  |TAMS 0x0000000705e00000| PB 0x0000000705e00000| Untracked 
|  11|0x0000000706000000, 0x0000000706200000, 0x0000000706200000|100%| O|  |TAMS 0x0000000706000000| PB 0x0000000706000000| Untracked 
|  12|0x0000000706200000, 0x000000070633aa00, 0x0000000706400000| 61%| O|  |TAMS 0x0000000706200000| PB 0x0000000706200000| Untracked 
|  13|0x0000000706400000, 0x0000000706400000, 0x0000000706600000|  0%| F|  |TAMS 0x0000000706400000| PB 0x0000000706400000| Untracked 
|  14|0x0000000706600000, 0x0000000706600000, 0x0000000706800000|  0%| F|  |TAMS 0x0000000706600000| PB 0x0000000706600000| Untracked 
|  15|0x0000000706800000, 0x0000000706800000, 0x0000000706a00000|  0%| F|  |TAMS 0x0000000706800000| PB 0x0000000706800000| Untracked 
|  16|0x0000000706a00000, 0x0000000706a00000, 0x0000000706c00000|  0%| F|  |TAMS 0x0000000706a00000| PB 0x0000000706a00000| Untracked 
|  17|0x0000000706c00000, 0x0000000706c00000, 0x0000000706e00000|  0%| F|  |TAMS 0x0000000706c00000| PB 0x0000000706c00000| Untracked 
|  18|0x0000000706e00000, 0x0000000706fe5358, 0x0000000707000000| 94%| S|CS|TAMS 0x0000000706e00000| PB 0x0000000706e00000| Complete 
|  19|0x0000000707000000, 0x0000000707200000, 0x0000000707200000|100%| S|CS|TAMS 0x0000000707000000| PB 0x0000000707000000| Complete 
|  20|0x0000000707200000, 0x0000000707400000, 0x0000000707400000|100%| S|CS|TAMS 0x0000000707200000| PB 0x0000000707200000| Complete 
|  21|0x0000000707400000, 0x0000000707400000, 0x0000000707600000|  0%| F|  |TAMS 0x0000000707400000| PB 0x0000000707400000| Untracked 
|  22|0x0000000707600000, 0x0000000707600000, 0x0000000707800000|  0%| F|  |TAMS 0x0000000707600000| PB 0x0000000707600000| Untracked 
|  23|0x0000000707800000, 0x0000000707800000, 0x0000000707a00000|  0%| F|  |TAMS 0x0000000707800000| PB 0x0000000707800000| Untracked 
|  24|0x0000000707a00000, 0x0000000707a00000, 0x0000000707c00000|  0%| F|  |TAMS 0x0000000707a00000| PB 0x0000000707a00000| Untracked 
|  25|0x0000000707c00000, 0x0000000707c00000, 0x0000000707e00000|  0%| F|  |TAMS 0x0000000707c00000| PB 0x0000000707c00000| Untracked 
|  26|0x0000000707e00000, 0x0000000707e00000, 0x0000000708000000|  0%| F|  |TAMS 0x0000000707e00000| PB 0x0000000707e00000| Untracked 
|  27|0x0000000708000000, 0x0000000708000000, 0x0000000708200000|  0%| F|  |TAMS 0x0000000708000000| PB 0x0000000708000000| Untracked 
|  28|0x0000000708200000, 0x0000000708200000, 0x0000000708400000|  0%| F|  |TAMS 0x0000000708200000| PB 0x0000000708200000| Untracked 
|  29|0x0000000708400000, 0x0000000708400000, 0x0000000708600000|  0%| F|  |TAMS 0x0000000708400000| PB 0x0000000708400000| Untracked 
|  30|0x0000000708600000, 0x0000000708600000, 0x0000000708800000|  0%| F|  |TAMS 0x0000000708600000| PB 0x0000000708600000| Untracked 
|  31|0x0000000708800000, 0x0000000708800000, 0x0000000708a00000|  0%| F|  |TAMS 0x0000000708800000| PB 0x0000000708800000| Untracked 
|  32|0x0000000708a00000, 0x0000000708a00000, 0x0000000708c00000|  0%| F|  |TAMS 0x0000000708a00000| PB 0x0000000708a00000| Untracked 
|  33|0x0000000708c00000, 0x0000000708c00000, 0x0000000708e00000|  0%| F|  |TAMS 0x0000000708c00000| PB 0x0000000708c00000| Untracked 
|  34|0x0000000708e00000, 0x0000000708e00000, 0x0000000709000000|  0%| F|  |TAMS 0x0000000708e00000| PB 0x0000000708e00000| Untracked 
|  35|0x0000000709000000, 0x00000007090c7598, 0x0000000709200000| 38%| E|  |TAMS 0x0000000709000000| PB 0x0000000709000000| Complete 
|  36|0x0000000709200000, 0x0000000709400000, 0x0000000709400000|100%| E|CS|TAMS 0x0000000709200000| PB 0x0000000709200000| Complete 
|  37|0x0000000709400000, 0x0000000709600000, 0x0000000709600000|100%| E|CS|TAMS 0x0000000709400000| PB 0x0000000709400000| Complete 
|  38|0x0000000709600000, 0x0000000709800000, 0x0000000709800000|100%| E|CS|TAMS 0x0000000709600000| PB 0x0000000709600000| Complete 
|  39|0x0000000709800000, 0x0000000709a00000, 0x0000000709a00000|100%| E|CS|TAMS 0x0000000709800000| PB 0x0000000709800000| Complete 
|  40|0x0000000709a00000, 0x0000000709c00000, 0x0000000709c00000|100%| E|CS|TAMS 0x0000000709a00000| PB 0x0000000709a00000| Complete 
|  41|0x0000000709c00000, 0x0000000709e00000, 0x0000000709e00000|100%| E|CS|TAMS 0x0000000709c00000| PB 0x0000000709c00000| Complete 
|  42|0x0000000709e00000, 0x000000070a000000, 0x000000070a000000|100%| E|CS|TAMS 0x0000000709e00000| PB 0x0000000709e00000| Complete 
|  43|0x000000070a000000, 0x000000070a200000, 0x000000070a200000|100%| E|CS|TAMS 0x000000070a000000| PB 0x000000070a000000| Complete 
|  44|0x000000070a200000, 0x000000070a400000, 0x000000070a400000|100%| E|CS|TAMS 0x000000070a200000| PB 0x000000070a200000| Complete 
|  45|0x000000070a400000, 0x000000070a600000, 0x000000070a600000|100%| E|CS|TAMS 0x000000070a400000| PB 0x000000070a400000| Complete 
|  46|0x000000070a600000, 0x000000070a800000, 0x000000070a800000|100%| E|CS|TAMS 0x000000070a600000| PB 0x000000070a600000| Complete 
|  70|0x000000070d600000, 0x000000070d800000, 0x000000070d800000|100%| E|CS|TAMS 0x000000070d600000| PB 0x000000070d600000| Complete 
| 121|0x0000000713c00000, 0x0000000713e00000, 0x0000000713e00000|100%| E|CS|TAMS 0x0000000713c00000| PB 0x0000000713c00000| Complete 
| 125|0x0000000714400000, 0x0000000714600000, 0x0000000714600000|100%| E|CS|TAMS 0x0000000714400000| PB 0x0000000714400000| Complete 
| 126|0x0000000714600000, 0x0000000714800000, 0x0000000714800000|100%|HS|  |TAMS 0x0000000714600000| PB 0x0000000714600000| Complete 
| 127|0x0000000714800000, 0x0000000714a00000, 0x0000000714a00000|100%|HC|  |TAMS 0x0000000714800000| PB 0x0000000714800000| Complete 
| 128|0x0000000714a00000, 0x0000000714c00000, 0x0000000714c00000|100%|HC|  |TAMS 0x0000000714a00000| PB 0x0000000714a00000| Complete 
| 129|0x0000000714c00000, 0x0000000714e00000, 0x0000000714e00000|100%|HC|  |TAMS 0x0000000714c00000| PB 0x0000000714c00000| Complete 
| 130|0x0000000714e00000, 0x0000000715000000, 0x0000000715000000|100%|HC|  |TAMS 0x0000000714e00000| PB 0x0000000714e00000| Complete 
| 131|0x0000000715000000, 0x0000000715200000, 0x0000000715200000|100%|HC|  |TAMS 0x0000000715000000| PB 0x0000000715000000| Complete 
| 132|0x0000000715200000, 0x0000000715400000, 0x0000000715400000|100%|HC|  |TAMS 0x0000000715200000| PB 0x0000000715200000| Complete 
| 133|0x0000000715400000, 0x0000000715600000, 0x0000000715600000|100%|HC|  |TAMS 0x0000000715400000| PB 0x0000000715400000| Complete 
| 134|0x0000000715600000, 0x0000000715800000, 0x0000000715800000|100%|HC|  |TAMS 0x0000000715600000| PB 0x0000000715600000| Complete 
| 135|0x0000000715800000, 0x0000000715a00000, 0x0000000715a00000|100%|HC|  |TAMS 0x0000000715800000| PB 0x0000000715800000| Complete 
| 136|0x0000000715a00000, 0x0000000715c00000, 0x0000000715c00000|100%|HC|  |TAMS 0x0000000715a00000| PB 0x0000000715a00000| Complete 
| 137|0x0000000715c00000, 0x0000000715e00000, 0x0000000715e00000|100%|HC|  |TAMS 0x0000000715c00000| PB 0x0000000715c00000| Complete 
| 138|0x0000000715e00000, 0x0000000716000000, 0x0000000716000000|100%|HC|  |TAMS 0x0000000715e00000| PB 0x0000000715e00000| Complete 
| 139|0x0000000716000000, 0x0000000716200000, 0x0000000716200000|100%|HC|  |TAMS 0x0000000716000000| PB 0x0000000716000000| Complete 
| 140|0x0000000716200000, 0x0000000716400000, 0x0000000716400000|100%|HC|  |TAMS 0x0000000716200000| PB 0x0000000716200000| Complete 
| 141|0x0000000716400000, 0x0000000716600000, 0x0000000716600000|100%|HC|  |TAMS 0x0000000716400000| PB 0x0000000716400000| Complete 
| 142|0x0000000716600000, 0x0000000716800000, 0x0000000716800000|100%|HC|  |TAMS 0x0000000716600000| PB 0x0000000716600000| Complete 
| 143|0x0000000716800000, 0x0000000716a00000, 0x0000000716a00000|100%|HC|  |TAMS 0x0000000716800000| PB 0x0000000716800000| Complete 
| 144|0x0000000716a00000, 0x0000000716c00000, 0x0000000716c00000|100%|HC|  |TAMS 0x0000000716a00000| PB 0x0000000716a00000| Complete 
| 145|0x0000000716c00000, 0x0000000716e00000, 0x0000000716e00000|100%|HC|  |TAMS 0x0000000716c00000| PB 0x0000000716c00000| Complete 
| 146|0x0000000716e00000, 0x0000000717000000, 0x0000000717000000|100%|HC|  |TAMS 0x0000000716e00000| PB 0x0000000716e00000| Complete 
| 147|0x0000000717000000, 0x0000000717200000, 0x0000000717200000|100%|HC|  |TAMS 0x0000000717000000| PB 0x0000000717000000| Complete 
| 148|0x0000000717200000, 0x0000000717400000, 0x0000000717400000|100%|HC|  |TAMS 0x0000000717200000| PB 0x0000000717200000| Complete 
| 149|0x0000000717400000, 0x0000000717600000, 0x0000000717600000|100%|HC|  |TAMS 0x0000000717400000| PB 0x0000000717400000| Complete 
| 150|0x0000000717600000, 0x0000000717800000, 0x0000000717800000|100%|HC|  |TAMS 0x0000000717600000| PB 0x0000000717600000| Complete 
| 151|0x0000000717800000, 0x0000000717a00000, 0x0000000717a00000|100%|HC|  |TAMS 0x0000000717800000| PB 0x0000000717800000| Complete 
| 152|0x0000000717a00000, 0x0000000717c00000, 0x0000000717c00000|100%|HC|  |TAMS 0x0000000717a00000| PB 0x0000000717a00000| Complete 
| 153|0x0000000717c00000, 0x0000000717e00000, 0x0000000717e00000|100%|HC|  |TAMS 0x0000000717c00000| PB 0x0000000717c00000| Complete 
| 154|0x0000000717e00000, 0x0000000718000000, 0x0000000718000000|100%|HC|  |TAMS 0x0000000717e00000| PB 0x0000000717e00000| Complete 
| 155|0x0000000718000000, 0x0000000718200000, 0x0000000718200000|100%|HC|  |TAMS 0x0000000718000000| PB 0x0000000718000000| Complete 
| 156|0x0000000718200000, 0x0000000718400000, 0x0000000718400000|100%|HC|  |TAMS 0x0000000718200000| PB 0x0000000718200000| Complete 
| 157|0x0000000718400000, 0x0000000718600000, 0x0000000718600000|100%|HC|  |TAMS 0x0000000718400000| PB 0x0000000718400000| Complete 
| 158|0x0000000718600000, 0x0000000718800000, 0x0000000718800000|100%|HC|  |TAMS 0x0000000718600000| PB 0x0000000718600000| Complete 
| 159|0x0000000718800000, 0x0000000718a00000, 0x0000000718a00000|100%|HC|  |TAMS 0x0000000718800000| PB 0x0000000718800000| Complete 
| 160|0x0000000718a00000, 0x0000000718c00000, 0x0000000718c00000|100%|HC|  |TAMS 0x0000000718a00000| PB 0x0000000718a00000| Complete 
| 161|0x0000000718c00000, 0x0000000718e00000, 0x0000000718e00000|100%|HC|  |TAMS 0x0000000718c00000| PB 0x0000000718c00000| Complete 
| 162|0x0000000718e00000, 0x0000000719000000, 0x0000000719000000|100%|HC|  |TAMS 0x0000000718e00000| PB 0x0000000718e00000| Complete 
| 163|0x0000000719000000, 0x0000000719200000, 0x0000000719200000|100%|HC|  |TAMS 0x0000000719000000| PB 0x0000000719000000| Complete 
| 164|0x0000000719200000, 0x0000000719400000, 0x0000000719400000|100%|HC|  |TAMS 0x0000000719200000| PB 0x0000000719200000| Complete 
| 165|0x0000000719400000, 0x0000000719600000, 0x0000000719600000|100%|HC|  |TAMS 0x0000000719400000| PB 0x0000000719400000| Complete 
| 166|0x0000000719600000, 0x0000000719800000, 0x0000000719800000|100%|HC|  |TAMS 0x0000000719600000| PB 0x0000000719600000| Complete 
| 167|0x0000000719800000, 0x0000000719a00000, 0x0000000719a00000|100%|HC|  |TAMS 0x0000000719800000| PB 0x0000000719800000| Complete 
| 168|0x0000000719a00000, 0x0000000719c00000, 0x0000000719c00000|100%|HC|  |TAMS 0x0000000719a00000| PB 0x0000000719a00000| Complete 
| 169|0x0000000719c00000, 0x0000000719e00000, 0x0000000719e00000|100%|HC|  |TAMS 0x0000000719c00000| PB 0x0000000719c00000| Complete 
| 170|0x0000000719e00000, 0x000000071a000000, 0x000000071a000000|100%|HC|  |TAMS 0x0000000719e00000| PB 0x0000000719e00000| Complete 
| 171|0x000000071a000000, 0x000000071a200000, 0x000000071a200000|100%|HC|  |TAMS 0x000000071a000000| PB 0x000000071a000000| Complete 
| 172|0x000000071a200000, 0x000000071a400000, 0x000000071a400000|100%|HC|  |TAMS 0x000000071a200000| PB 0x000000071a200000| Complete 
| 173|0x000000071a400000, 0x000000071a600000, 0x000000071a600000|100%|HC|  |TAMS 0x000000071a400000| PB 0x000000071a400000| Complete 
| 174|0x000000071a600000, 0x000000071a800000, 0x000000071a800000|100%|HC|  |TAMS 0x000000071a600000| PB 0x000000071a600000| Complete 
| 175|0x000000071a800000, 0x000000071aa00000, 0x000000071aa00000|100%|HC|  |TAMS 0x000000071a800000| PB 0x000000071a800000| Complete 
| 176|0x000000071aa00000, 0x000000071ac00000, 0x000000071ac00000|100%|HC|  |TAMS 0x000000071aa00000| PB 0x000000071aa00000| Complete 
| 177|0x000000071ac00000, 0x000000071ae00000, 0x000000071ae00000|100%|HC|  |TAMS 0x000000071ac00000| PB 0x000000071ac00000| Complete 
| 178|0x000000071ae00000, 0x000000071b000000, 0x000000071b000000|100%|HC|  |TAMS 0x000000071ae00000| PB 0x000000071ae00000| Complete 
| 179|0x000000071b000000, 0x000000071b200000, 0x000000071b200000|100%|HC|  |TAMS 0x000000071b000000| PB 0x000000071b000000| Complete 
| 180|0x000000071b200000, 0x000000071b400000, 0x000000071b400000|100%|HC|  |TAMS 0x000000071b200000| PB 0x000000071b200000| Complete 
| 181|0x000000071b400000, 0x000000071b600000, 0x000000071b600000|100%|HC|  |TAMS 0x000000071b400000| PB 0x000000071b400000| Complete 
| 182|0x000000071b600000, 0x000000071b800000, 0x000000071b800000|100%|HC|  |TAMS 0x000000071b600000| PB 0x000000071b600000| Complete 
| 183|0x000000071b800000, 0x000000071ba00000, 0x000000071ba00000|100%|HC|  |TAMS 0x000000071b800000| PB 0x000000071b800000| Complete 
| 184|0x000000071ba00000, 0x000000071bc00000, 0x000000071bc00000|100%|HC|  |TAMS 0x000000071ba00000| PB 0x000000071ba00000| Complete 
| 185|0x000000071bc00000, 0x000000071be00000, 0x000000071be00000|100%|HC|  |TAMS 0x000000071bc00000| PB 0x000000071bc00000| Complete 
| 186|0x000000071be00000, 0x000000071c000000, 0x000000071c000000|100%|HC|  |TAMS 0x000000071be00000| PB 0x000000071be00000| Complete 
| 187|0x000000071c000000, 0x000000071c200000, 0x000000071c200000|100%|HC|  |TAMS 0x000000071c000000| PB 0x000000071c000000| Complete 
| 188|0x000000071c200000, 0x000000071c400000, 0x000000071c400000|100%|HC|  |TAMS 0x000000071c200000| PB 0x000000071c200000| Complete 
| 189|0x000000071c400000, 0x000000071c600000, 0x000000071c600000|100%|HC|  |TAMS 0x000000071c400000| PB 0x000000071c400000| Complete 
| 190|0x000000071c600000, 0x000000071c800000, 0x000000071c800000|100%|HC|  |TAMS 0x000000071c600000| PB 0x000000071c600000| Complete 
| 191|0x000000071c800000, 0x000000071ca00000, 0x000000071ca00000|100%|HC|  |TAMS 0x000000071c800000| PB 0x000000071c800000| Complete 
| 192|0x000000071ca00000, 0x000000071cc00000, 0x000000071cc00000|100%|HC|  |TAMS 0x000000071ca00000| PB 0x000000071ca00000| Complete 
| 193|0x000000071cc00000, 0x000000071ce00000, 0x000000071ce00000|100%|HC|  |TAMS 0x000000071cc00000| PB 0x000000071cc00000| Complete 
| 194|0x000000071ce00000, 0x000000071d000000, 0x000000071d000000|100%|HC|  |TAMS 0x000000071ce00000| PB 0x000000071ce00000| Complete 
| 195|0x000000071d000000, 0x000000071d200000, 0x000000071d200000|100%|HC|  |TAMS 0x000000071d000000| PB 0x000000071d000000| Complete 
| 196|0x000000071d200000, 0x000000071d400000, 0x000000071d400000|100%|HC|  |TAMS 0x000000071d200000| PB 0x000000071d200000| Complete 
| 197|0x000000071d400000, 0x000000071d600000, 0x000000071d600000|100%|HC|  |TAMS 0x000000071d400000| PB 0x000000071d400000| Complete 
| 198|0x000000071d600000, 0x000000071d800000, 0x000000071d800000|100%|HC|  |TAMS 0x000000071d600000| PB 0x000000071d600000| Complete 
| 199|0x000000071d800000, 0x000000071da00000, 0x000000071da00000|100%|HC|  |TAMS 0x000000071d800000| PB 0x000000071d800000| Complete 
| 200|0x000000071da00000, 0x000000071dc00000, 0x000000071dc00000|100%|HC|  |TAMS 0x000000071da00000| PB 0x000000071da00000| Complete 
| 201|0x000000071dc00000, 0x000000071de00000, 0x000000071de00000|100%|HC|  |TAMS 0x000000071dc00000| PB 0x000000071dc00000| Complete 
| 202|0x000000071de00000, 0x000000071e000000, 0x000000071e000000|100%|HC|  |TAMS 0x000000071de00000| PB 0x000000071de00000| Complete 
| 203|0x000000071e000000, 0x000000071e200000, 0x000000071e200000|100%|HC|  |TAMS 0x000000071e000000| PB 0x000000071e000000| Complete 
| 204|0x000000071e200000, 0x000000071e400000, 0x000000071e400000|100%|HC|  |TAMS 0x000000071e200000| PB 0x000000071e200000| Complete 
| 205|0x000000071e400000, 0x000000071e600000, 0x000000071e600000|100%|HC|  |TAMS 0x000000071e400000| PB 0x000000071e400000| Complete 
| 206|0x000000071e600000, 0x000000071e800000, 0x000000071e800000|100%|HC|  |TAMS 0x000000071e600000| PB 0x000000071e600000| Complete 
| 207|0x000000071e800000, 0x000000071ea00000, 0x000000071ea00000|100%|HC|  |TAMS 0x000000071e800000| PB 0x000000071e800000| Complete 
| 208|0x000000071ea00000, 0x000000071ec00000, 0x000000071ec00000|100%|HC|  |TAMS 0x000000071ea00000| PB 0x000000071ea00000| Complete 
| 209|0x000000071ec00000, 0x000000071ee00000, 0x000000071ee00000|100%|HC|  |TAMS 0x000000071ec00000| PB 0x000000071ec00000| Complete 
| 210|0x000000071ee00000, 0x000000071f000000, 0x000000071f000000|100%|HC|  |TAMS 0x000000071ee00000| PB 0x000000071ee00000| Complete 
| 211|0x000000071f000000, 0x000000071f200000, 0x000000071f200000|100%|HC|  |TAMS 0x000000071f000000| PB 0x000000071f000000| Complete 
| 212|0x000000071f200000, 0x000000071f400000, 0x000000071f400000|100%|HC|  |TAMS 0x000000071f200000| PB 0x000000071f200000| Complete 
| 213|0x000000071f400000, 0x000000071f600000, 0x000000071f600000|100%|HC|  |TAMS 0x000000071f400000| PB 0x000000071f400000| Complete 
| 214|0x000000071f600000, 0x000000071f800000, 0x000000071f800000|100%|HC|  |TAMS 0x000000071f600000| PB 0x000000071f600000| Complete 
| 215|0x000000071f800000, 0x000000071fa00000, 0x000000071fa00000|100%|HC|  |TAMS 0x000000071f800000| PB 0x000000071f800000| Complete 
| 216|0x000000071fa00000, 0x000000071fc00000, 0x000000071fc00000|100%|HC|  |TAMS 0x000000071fa00000| PB 0x000000071fa00000| Complete 
| 217|0x000000071fc00000, 0x000000071fe00000, 0x000000071fe00000|100%|HC|  |TAMS 0x000000071fc00000| PB 0x000000071fc00000| Complete 
| 218|0x000000071fe00000, 0x0000000720000000, 0x0000000720000000|100%|HC|  |TAMS 0x000000071fe00000| PB 0x000000071fe00000| Complete 
| 219|0x0000000720000000, 0x0000000720200000, 0x0000000720200000|100%|HC|  |TAMS 0x0000000720000000| PB 0x0000000720000000| Complete 
| 220|0x0000000720200000, 0x0000000720400000, 0x0000000720400000|100%|HC|  |TAMS 0x0000000720200000| PB 0x0000000720200000| Complete 
| 221|0x0000000720400000, 0x0000000720600000, 0x0000000720600000|100%|HC|  |TAMS 0x0000000720400000| PB 0x0000000720400000| Complete 
| 222|0x0000000720600000, 0x0000000720800000, 0x0000000720800000|100%|HC|  |TAMS 0x0000000720600000| PB 0x0000000720600000| Complete 
| 223|0x0000000720800000, 0x0000000720a00000, 0x0000000720a00000|100%|HC|  |TAMS 0x0000000720800000| PB 0x0000000720800000| Complete 
| 224|0x0000000720a00000, 0x0000000720c00000, 0x0000000720c00000|100%|HC|  |TAMS 0x0000000720a00000| PB 0x0000000720a00000| Complete 
| 225|0x0000000720c00000, 0x0000000720e00000, 0x0000000720e00000|100%|HC|  |TAMS 0x0000000720c00000| PB 0x0000000720c00000| Complete 
| 226|0x0000000720e00000, 0x0000000721000000, 0x0000000721000000|100%|HC|  |TAMS 0x0000000720e00000| PB 0x0000000720e00000| Complete 
| 227|0x0000000721000000, 0x0000000721200000, 0x0000000721200000|100%|HC|  |TAMS 0x0000000721000000| PB 0x0000000721000000| Complete 
| 228|0x0000000721200000, 0x0000000721400000, 0x0000000721400000|100%|HC|  |TAMS 0x0000000721200000| PB 0x0000000721200000| Complete 
| 229|0x0000000721400000, 0x0000000721600000, 0x0000000721600000|100%|HC|  |TAMS 0x0000000721400000| PB 0x0000000721400000| Complete 
| 230|0x0000000721600000, 0x0000000721800000, 0x0000000721800000|100%|HC|  |TAMS 0x0000000721600000| PB 0x0000000721600000| Complete 
| 231|0x0000000721800000, 0x0000000721a00000, 0x0000000721a00000|100%|HC|  |TAMS 0x0000000721800000| PB 0x0000000721800000| Complete 
| 232|0x0000000721a00000, 0x0000000721c00000, 0x0000000721c00000|100%|HC|  |TAMS 0x0000000721a00000| PB 0x0000000721a00000| Complete 
| 233|0x0000000721c00000, 0x0000000721e00000, 0x0000000721e00000|100%|HC|  |TAMS 0x0000000721c00000| PB 0x0000000721c00000| Complete 
| 234|0x0000000721e00000, 0x0000000722000000, 0x0000000722000000|100%|HC|  |TAMS 0x0000000721e00000| PB 0x0000000721e00000| Complete 
| 235|0x0000000722000000, 0x0000000722200000, 0x0000000722200000|100%|HC|  |TAMS 0x0000000722000000| PB 0x0000000722000000| Complete 
| 236|0x0000000722200000, 0x0000000722400000, 0x0000000722400000|100%|HC|  |TAMS 0x0000000722200000| PB 0x0000000722200000| Complete 
| 237|0x0000000722400000, 0x0000000722600000, 0x0000000722600000|100%|HC|  |TAMS 0x0000000722400000| PB 0x0000000722400000| Complete 
| 238|0x0000000722600000, 0x0000000722800000, 0x0000000722800000|100%|HC|  |TAMS 0x0000000722600000| PB 0x0000000722600000| Complete 
| 239|0x0000000722800000, 0x0000000722a00000, 0x0000000722a00000|100%|HC|  |TAMS 0x0000000722800000| PB 0x0000000722800000| Complete 
| 240|0x0000000722a00000, 0x0000000722c00000, 0x0000000722c00000|100%|HC|  |TAMS 0x0000000722a00000| PB 0x0000000722a00000| Complete 
| 241|0x0000000722c00000, 0x0000000722e00000, 0x0000000722e00000|100%|HC|  |TAMS 0x0000000722c00000| PB 0x0000000722c00000| Complete 
| 242|0x0000000722e00000, 0x0000000723000000, 0x0000000723000000|100%|HC|  |TAMS 0x0000000722e00000| PB 0x0000000722e00000| Complete 
| 243|0x0000000723000000, 0x0000000723200000, 0x0000000723200000|100%|HC|  |TAMS 0x0000000723000000| PB 0x0000000723000000| Complete 
| 244|0x0000000723200000, 0x0000000723400000, 0x0000000723400000|100%|HC|  |TAMS 0x0000000723200000| PB 0x0000000723200000| Complete 
| 245|0x0000000723400000, 0x0000000723600000, 0x0000000723600000|100%|HC|  |TAMS 0x0000000723400000| PB 0x0000000723400000| Complete 
| 246|0x0000000723600000, 0x0000000723800000, 0x0000000723800000|100%|HC|  |TAMS 0x0000000723600000| PB 0x0000000723600000| Complete 
| 247|0x0000000723800000, 0x0000000723a00000, 0x0000000723a00000|100%|HC|  |TAMS 0x0000000723800000| PB 0x0000000723800000| Complete 
| 248|0x0000000723a00000, 0x0000000723c00000, 0x0000000723c00000|100%|HC|  |TAMS 0x0000000723a00000| PB 0x0000000723a00000| Complete 
| 249|0x0000000723c00000, 0x0000000723e00000, 0x0000000723e00000|100%|HC|  |TAMS 0x0000000723c00000| PB 0x0000000723c00000| Complete 
| 250|0x0000000723e00000, 0x0000000724000000, 0x0000000724000000|100%|HC|  |TAMS 0x0000000723e00000| PB 0x0000000723e00000| Complete 
| 251|0x0000000724000000, 0x0000000724200000, 0x0000000724200000|100%|HC|  |TAMS 0x0000000724000000| PB 0x0000000724000000| Complete 
| 252|0x0000000724200000, 0x0000000724400000, 0x0000000724400000|100%|HC|  |TAMS 0x0000000724200000| PB 0x0000000724200000| Complete 
| 253|0x0000000724400000, 0x0000000724600000, 0x0000000724600000|100%|HC|  |TAMS 0x0000000724400000| PB 0x0000000724400000| Complete 
| 254|0x0000000724600000, 0x0000000724800000, 0x0000000724800000|100%|HC|  |TAMS 0x0000000724600000| PB 0x0000000724600000| Complete 
| 255|0x0000000724800000, 0x0000000724a00000, 0x0000000724a00000|100%|HC|  |TAMS 0x0000000724800000| PB 0x0000000724800000| Complete 
| 256|0x0000000724a00000, 0x0000000724c00000, 0x0000000724c00000|100%|HC|  |TAMS 0x0000000724a00000| PB 0x0000000724a00000| Complete 
| 257|0x0000000724c00000, 0x0000000724e00000, 0x0000000724e00000|100%|HC|  |TAMS 0x0000000724c00000| PB 0x0000000724c00000| Complete 
| 258|0x0000000724e00000, 0x0000000725000000, 0x0000000725000000|100%|HC|  |TAMS 0x0000000724e00000| PB 0x0000000724e00000| Complete 
| 259|0x0000000725000000, 0x0000000725200000, 0x0000000725200000|100%|HC|  |TAMS 0x0000000725000000| PB 0x0000000725000000| Complete 
| 260|0x0000000725200000, 0x0000000725400000, 0x0000000725400000|100%|HC|  |TAMS 0x0000000725200000| PB 0x0000000725200000| Complete 
| 261|0x0000000725400000, 0x0000000725600000, 0x0000000725600000|100%|HC|  |TAMS 0x0000000725400000| PB 0x0000000725400000| Complete 
| 262|0x0000000725600000, 0x0000000725800000, 0x0000000725800000|100%|HC|  |TAMS 0x0000000725600000| PB 0x0000000725600000| Complete 
| 263|0x0000000725800000, 0x0000000725a00000, 0x0000000725a00000|100%|HC|  |TAMS 0x0000000725800000| PB 0x0000000725800000| Complete 
| 264|0x0000000725a00000, 0x0000000725c00000, 0x0000000725c00000|100%|HC|  |TAMS 0x0000000725a00000| PB 0x0000000725a00000| Complete 
| 265|0x0000000725c00000, 0x0000000725e00000, 0x0000000725e00000|100%|HC|  |TAMS 0x0000000725c00000| PB 0x0000000725c00000| Complete 
| 266|0x0000000725e00000, 0x0000000726000000, 0x0000000726000000|100%|HC|  |TAMS 0x0000000725e00000| PB 0x0000000725e00000| Complete 
| 267|0x0000000726000000, 0x0000000726200000, 0x0000000726200000|100%|HC|  |TAMS 0x0000000726000000| PB 0x0000000726000000| Complete 
| 268|0x0000000726200000, 0x0000000726400000, 0x0000000726400000|100%|HC|  |TAMS 0x0000000726200000| PB 0x0000000726200000| Complete 
| 269|0x0000000726400000, 0x0000000726600000, 0x0000000726600000|100%|HC|  |TAMS 0x0000000726400000| PB 0x0000000726400000| Complete 
| 270|0x0000000726600000, 0x0000000726800000, 0x0000000726800000|100%|HC|  |TAMS 0x0000000726600000| PB 0x0000000726600000| Complete 
| 271|0x0000000726800000, 0x0000000726a00000, 0x0000000726a00000|100%|HC|  |TAMS 0x0000000726800000| PB 0x0000000726800000| Complete 
| 272|0x0000000726a00000, 0x0000000726c00000, 0x0000000726c00000|100%|HC|  |TAMS 0x0000000726a00000| PB 0x0000000726a00000| Complete 
| 273|0x0000000726c00000, 0x0000000726e00000, 0x0000000726e00000|100%|HC|  |TAMS 0x0000000726c00000| PB 0x0000000726c00000| Complete 
| 274|0x0000000726e00000, 0x0000000727000000, 0x0000000727000000|100%|HC|  |TAMS 0x0000000726e00000| PB 0x0000000726e00000| Complete 
| 275|0x0000000727000000, 0x0000000727200000, 0x0000000727200000|100%|HC|  |TAMS 0x0000000727000000| PB 0x0000000727000000| Complete 
| 276|0x0000000727200000, 0x0000000727400000, 0x0000000727400000|100%|HC|  |TAMS 0x0000000727200000| PB 0x0000000727200000| Complete 
| 277|0x0000000727400000, 0x0000000727600000, 0x0000000727600000|100%|HC|  |TAMS 0x0000000727400000| PB 0x0000000727400000| Complete 
| 278|0x0000000727600000, 0x0000000727800000, 0x0000000727800000|100%|HC|  |TAMS 0x0000000727600000| PB 0x0000000727600000| Complete 
| 279|0x0000000727800000, 0x0000000727a00000, 0x0000000727a00000|100%|HC|  |TAMS 0x0000000727800000| PB 0x0000000727800000| Complete 
| 280|0x0000000727a00000, 0x0000000727c00000, 0x0000000727c00000|100%|HC|  |TAMS 0x0000000727a00000| PB 0x0000000727a00000| Complete 
| 281|0x0000000727c00000, 0x0000000727e00000, 0x0000000727e00000|100%|HC|  |TAMS 0x0000000727c00000| PB 0x0000000727c00000| Complete 
| 282|0x0000000727e00000, 0x0000000728000000, 0x0000000728000000|100%|HC|  |TAMS 0x0000000727e00000| PB 0x0000000727e00000| Complete 
| 283|0x0000000728000000, 0x0000000728200000, 0x0000000728200000|100%|HC|  |TAMS 0x0000000728000000| PB 0x0000000728000000| Complete 
| 284|0x0000000728200000, 0x0000000728400000, 0x0000000728400000|100%|HC|  |TAMS 0x0000000728200000| PB 0x0000000728200000| Complete 
| 285|0x0000000728400000, 0x0000000728600000, 0x0000000728600000|100%|HC|  |TAMS 0x0000000728400000| PB 0x0000000728400000| Complete 
| 286|0x0000000728600000, 0x0000000728800000, 0x0000000728800000|100%|HC|  |TAMS 0x0000000728600000| PB 0x0000000728600000| Complete 
| 287|0x0000000728800000, 0x0000000728a00000, 0x0000000728a00000|100%|HC|  |TAMS 0x0000000728800000| PB 0x0000000728800000| Complete 
| 288|0x0000000728a00000, 0x0000000728c00000, 0x0000000728c00000|100%|HC|  |TAMS 0x0000000728a00000| PB 0x0000000728a00000| Complete 
| 289|0x0000000728c00000, 0x0000000728e00000, 0x0000000728e00000|100%|HC|  |TAMS 0x0000000728c00000| PB 0x0000000728c00000| Complete 
| 290|0x0000000728e00000, 0x0000000729000000, 0x0000000729000000|100%|HC|  |TAMS 0x0000000728e00000| PB 0x0000000728e00000| Complete 
| 291|0x0000000729000000, 0x0000000729200000, 0x0000000729200000|100%|HC|  |TAMS 0x0000000729000000| PB 0x0000000729000000| Complete 
| 292|0x0000000729200000, 0x0000000729400000, 0x0000000729400000|100%|HC|  |TAMS 0x0000000729200000| PB 0x0000000729200000| Complete 
| 293|0x0000000729400000, 0x0000000729600000, 0x0000000729600000|100%|HC|  |TAMS 0x0000000729400000| PB 0x0000000729400000| Complete 
| 294|0x0000000729600000, 0x0000000729800000, 0x0000000729800000|100%|HC|  |TAMS 0x0000000729600000| PB 0x0000000729600000| Complete 
| 295|0x0000000729800000, 0x0000000729a00000, 0x0000000729a00000|100%|HS|  |TAMS 0x0000000729800000| PB 0x0000000729800000| Complete 
| 296|0x0000000729a00000, 0x0000000729c00000, 0x0000000729c00000|100%|HC|  |TAMS 0x0000000729a00000| PB 0x0000000729a00000| Complete 
| 297|0x0000000729c00000, 0x0000000729e00000, 0x0000000729e00000|100%|HC|  |TAMS 0x0000000729c00000| PB 0x0000000729c00000| Complete 
| 298|0x0000000729e00000, 0x000000072a000000, 0x000000072a000000|100%|HC|  |TAMS 0x0000000729e00000| PB 0x0000000729e00000| Complete 
| 299|0x000000072a000000, 0x000000072a200000, 0x000000072a200000|100%|HC|  |TAMS 0x000000072a000000| PB 0x000000072a000000| Complete 
| 300|0x000000072a200000, 0x000000072a400000, 0x000000072a400000|100%|HC|  |TAMS 0x000000072a200000| PB 0x000000072a200000| Complete 
| 301|0x000000072a400000, 0x000000072a600000, 0x000000072a600000|100%|HC|  |TAMS 0x000000072a400000| PB 0x000000072a400000| Complete 
| 302|0x000000072a600000, 0x000000072a800000, 0x000000072a800000|100%|HC|  |TAMS 0x000000072a600000| PB 0x000000072a600000| Complete 
| 303|0x000000072a800000, 0x000000072aa00000, 0x000000072aa00000|100%|HC|  |TAMS 0x000000072a800000| PB 0x000000072a800000| Complete 
| 304|0x000000072aa00000, 0x000000072ac00000, 0x000000072ac00000|100%|HC|  |TAMS 0x000000072aa00000| PB 0x000000072aa00000| Complete 
| 305|0x000000072ac00000, 0x000000072ae00000, 0x000000072ae00000|100%|HC|  |TAMS 0x000000072ac00000| PB 0x000000072ac00000| Complete 
| 306|0x000000072ae00000, 0x000000072b000000, 0x000000072b000000|100%|HC|  |TAMS 0x000000072ae00000| PB 0x000000072ae00000| Complete 
| 307|0x000000072b000000, 0x000000072b200000, 0x000000072b200000|100%|HC|  |TAMS 0x000000072b000000| PB 0x000000072b000000| Complete 
| 308|0x000000072b200000, 0x000000072b400000, 0x000000072b400000|100%|HC|  |TAMS 0x000000072b200000| PB 0x000000072b200000| Complete 
| 309|0x000000072b400000, 0x000000072b600000, 0x000000072b600000|100%|HC|  |TAMS 0x000000072b400000| PB 0x000000072b400000| Complete 
| 310|0x000000072b600000, 0x000000072b800000, 0x000000072b800000|100%|HC|  |TAMS 0x000000072b600000| PB 0x000000072b600000| Complete 
| 311|0x000000072b800000, 0x000000072ba00000, 0x000000072ba00000|100%|HC|  |TAMS 0x000000072b800000| PB 0x000000072b800000| Complete 
| 312|0x000000072ba00000, 0x000000072bc00000, 0x000000072bc00000|100%|HC|  |TAMS 0x000000072ba00000| PB 0x000000072ba00000| Complete 
| 313|0x000000072bc00000, 0x000000072be00000, 0x000000072be00000|100%|HC|  |TAMS 0x000000072bc00000| PB 0x000000072bc00000| Complete 
| 314|0x000000072be00000, 0x000000072c000000, 0x000000072c000000|100%|HC|  |TAMS 0x000000072be00000| PB 0x000000072be00000| Complete 
| 315|0x000000072c000000, 0x000000072c200000, 0x000000072c200000|100%|HC|  |TAMS 0x000000072c000000| PB 0x000000072c000000| Complete 
| 316|0x000000072c200000, 0x000000072c400000, 0x000000072c400000|100%|HC|  |TAMS 0x000000072c200000| PB 0x000000072c200000| Complete 
| 317|0x000000072c400000, 0x000000072c600000, 0x000000072c600000|100%|HC|  |TAMS 0x000000072c400000| PB 0x000000072c400000| Complete 
| 318|0x000000072c600000, 0x000000072c800000, 0x000000072c800000|100%|HC|  |TAMS 0x000000072c600000| PB 0x000000072c600000| Complete 
| 319|0x000000072c800000, 0x000000072ca00000, 0x000000072ca00000|100%|HC|  |TAMS 0x000000072c800000| PB 0x000000072c800000| Complete 
| 320|0x000000072ca00000, 0x000000072cc00000, 0x000000072cc00000|100%|HC|  |TAMS 0x000000072ca00000| PB 0x000000072ca00000| Complete 
| 321|0x000000072cc00000, 0x000000072ce00000, 0x000000072ce00000|100%|HC|  |TAMS 0x000000072cc00000| PB 0x000000072cc00000| Complete 
| 322|0x000000072ce00000, 0x000000072d000000, 0x000000072d000000|100%|HC|  |TAMS 0x000000072ce00000| PB 0x000000072ce00000| Complete 
| 323|0x000000072d000000, 0x000000072d200000, 0x000000072d200000|100%|HC|  |TAMS 0x000000072d000000| PB 0x000000072d000000| Complete 
| 324|0x000000072d200000, 0x000000072d400000, 0x000000072d400000|100%|HC|  |TAMS 0x000000072d200000| PB 0x000000072d200000| Complete 
| 325|0x000000072d400000, 0x000000072d600000, 0x000000072d600000|100%|HC|  |TAMS 0x000000072d400000| PB 0x000000072d400000| Complete 
| 326|0x000000072d600000, 0x000000072d800000, 0x000000072d800000|100%|HC|  |TAMS 0x000000072d600000| PB 0x000000072d600000| Complete 
| 327|0x000000072d800000, 0x000000072da00000, 0x000000072da00000|100%|HC|  |TAMS 0x000000072d800000| PB 0x000000072d800000| Complete 
| 328|0x000000072da00000, 0x000000072dc00000, 0x000000072dc00000|100%|HC|  |TAMS 0x000000072da00000| PB 0x000000072da00000| Complete 
| 329|0x000000072dc00000, 0x000000072de00000, 0x000000072de00000|100%|HC|  |TAMS 0x000000072dc00000| PB 0x000000072dc00000| Complete 
| 330|0x000000072de00000, 0x000000072e000000, 0x000000072e000000|100%|HC|  |TAMS 0x000000072de00000| PB 0x000000072de00000| Complete 
| 331|0x000000072e000000, 0x000000072e200000, 0x000000072e200000|100%|HC|  |TAMS 0x000000072e000000| PB 0x000000072e000000| Complete 
| 332|0x000000072e200000, 0x000000072e400000, 0x000000072e400000|100%|HC|  |TAMS 0x000000072e200000| PB 0x000000072e200000| Complete 
| 333|0x000000072e400000, 0x000000072e600000, 0x000000072e600000|100%|HC|  |TAMS 0x000000072e400000| PB 0x000000072e400000| Complete 
| 334|0x000000072e600000, 0x000000072e800000, 0x000000072e800000|100%|HC|  |TAMS 0x000000072e600000| PB 0x000000072e600000| Complete 
| 335|0x000000072e800000, 0x000000072ea00000, 0x000000072ea00000|100%|HC|  |TAMS 0x000000072e800000| PB 0x000000072e800000| Complete 
| 336|0x000000072ea00000, 0x000000072ec00000, 0x000000072ec00000|100%|HC|  |TAMS 0x000000072ea00000| PB 0x000000072ea00000| Complete 
| 337|0x000000072ec00000, 0x000000072ee00000, 0x000000072ee00000|100%|HC|  |TAMS 0x000000072ec00000| PB 0x000000072ec00000| Complete 
| 338|0x000000072ee00000, 0x000000072f000000, 0x000000072f000000|100%|HC|  |TAMS 0x000000072ee00000| PB 0x000000072ee00000| Complete 
| 339|0x000000072f000000, 0x000000072f200000, 0x000000072f200000|100%|HC|  |TAMS 0x000000072f000000| PB 0x000000072f000000| Complete 
| 340|0x000000072f200000, 0x000000072f400000, 0x000000072f400000|100%|HC|  |TAMS 0x000000072f200000| PB 0x000000072f200000| Complete 
| 341|0x000000072f400000, 0x000000072f600000, 0x000000072f600000|100%|HC|  |TAMS 0x000000072f400000| PB 0x000000072f400000| Complete 
| 342|0x000000072f600000, 0x000000072f800000, 0x000000072f800000|100%|HC|  |TAMS 0x000000072f600000| PB 0x000000072f600000| Complete 
| 343|0x000000072f800000, 0x000000072fa00000, 0x000000072fa00000|100%|HC|  |TAMS 0x000000072f800000| PB 0x000000072f800000| Complete 
| 344|0x000000072fa00000, 0x000000072fc00000, 0x000000072fc00000|100%|HC|  |TAMS 0x000000072fa00000| PB 0x000000072fa00000| Complete 
| 345|0x000000072fc00000, 0x000000072fe00000, 0x000000072fe00000|100%|HC|  |TAMS 0x000000072fc00000| PB 0x000000072fc00000| Complete 
| 346|0x000000072fe00000, 0x0000000730000000, 0x0000000730000000|100%|HC|  |TAMS 0x000000072fe00000| PB 0x000000072fe00000| Complete 
| 347|0x0000000730000000, 0x0000000730200000, 0x0000000730200000|100%|HC|  |TAMS 0x0000000730000000| PB 0x0000000730000000| Complete 
| 348|0x0000000730200000, 0x0000000730400000, 0x0000000730400000|100%|HC|  |TAMS 0x0000000730200000| PB 0x0000000730200000| Complete 
| 349|0x0000000730400000, 0x0000000730600000, 0x0000000730600000|100%|HC|  |TAMS 0x0000000730400000| PB 0x0000000730400000| Complete 
| 350|0x0000000730600000, 0x0000000730800000, 0x0000000730800000|100%|HC|  |TAMS 0x0000000730600000| PB 0x0000000730600000| Complete 
| 351|0x0000000730800000, 0x0000000730a00000, 0x0000000730a00000|100%|HC|  |TAMS 0x0000000730800000| PB 0x0000000730800000| Complete 
| 352|0x0000000730a00000, 0x0000000730c00000, 0x0000000730c00000|100%|HC|  |TAMS 0x0000000730a00000| PB 0x0000000730a00000| Complete 
| 353|0x0000000730c00000, 0x0000000730e00000, 0x0000000730e00000|100%|HC|  |TAMS 0x0000000730c00000| PB 0x0000000730c00000| Complete 
| 354|0x0000000730e00000, 0x0000000731000000, 0x0000000731000000|100%|HC|  |TAMS 0x0000000730e00000| PB 0x0000000730e00000| Complete 
| 355|0x0000000731000000, 0x0000000731200000, 0x0000000731200000|100%|HC|  |TAMS 0x0000000731000000| PB 0x0000000731000000| Complete 
| 356|0x0000000731200000, 0x0000000731400000, 0x0000000731400000|100%|HC|  |TAMS 0x0000000731200000| PB 0x0000000731200000| Complete 
| 357|0x0000000731400000, 0x0000000731600000, 0x0000000731600000|100%|HC|  |TAMS 0x0000000731400000| PB 0x0000000731400000| Complete 
| 358|0x0000000731600000, 0x0000000731800000, 0x0000000731800000|100%|HC|  |TAMS 0x0000000731600000| PB 0x0000000731600000| Complete 
| 359|0x0000000731800000, 0x0000000731a00000, 0x0000000731a00000|100%|HC|  |TAMS 0x0000000731800000| PB 0x0000000731800000| Complete 
| 360|0x0000000731a00000, 0x0000000731c00000, 0x0000000731c00000|100%|HC|  |TAMS 0x0000000731a00000| PB 0x0000000731a00000| Complete 
| 361|0x0000000731c00000, 0x0000000731e00000, 0x0000000731e00000|100%|HC|  |TAMS 0x0000000731c00000| PB 0x0000000731c00000| Complete 
| 362|0x0000000731e00000, 0x0000000732000000, 0x0000000732000000|100%|HC|  |TAMS 0x0000000731e00000| PB 0x0000000731e00000| Complete 
| 363|0x0000000732000000, 0x0000000732200000, 0x0000000732200000|100%|HC|  |TAMS 0x0000000732000000| PB 0x0000000732000000| Complete 
| 364|0x0000000732200000, 0x0000000732400000, 0x0000000732400000|100%|HC|  |TAMS 0x0000000732200000| PB 0x0000000732200000| Complete 
| 365|0x0000000732400000, 0x0000000732600000, 0x0000000732600000|100%|HC|  |TAMS 0x0000000732400000| PB 0x0000000732400000| Complete 
| 366|0x0000000732600000, 0x0000000732800000, 0x0000000732800000|100%|HC|  |TAMS 0x0000000732600000| PB 0x0000000732600000| Complete 
| 367|0x0000000732800000, 0x0000000732a00000, 0x0000000732a00000|100%|HC|  |TAMS 0x0000000732800000| PB 0x0000000732800000| Complete 
| 368|0x0000000732a00000, 0x0000000732c00000, 0x0000000732c00000|100%|HC|  |TAMS 0x0000000732a00000| PB 0x0000000732a00000| Complete 
| 369|0x0000000732c00000, 0x0000000732e00000, 0x0000000732e00000|100%|HC|  |TAMS 0x0000000732c00000| PB 0x0000000732c00000| Complete 
| 370|0x0000000732e00000, 0x0000000733000000, 0x0000000733000000|100%|HC|  |TAMS 0x0000000732e00000| PB 0x0000000732e00000| Complete 
| 371|0x0000000733000000, 0x0000000733200000, 0x0000000733200000|100%|HC|  |TAMS 0x0000000733000000| PB 0x0000000733000000| Complete 
| 372|0x0000000733200000, 0x0000000733400000, 0x0000000733400000|100%|HC|  |TAMS 0x0000000733200000| PB 0x0000000733200000| Complete 
| 373|0x0000000733400000, 0x0000000733600000, 0x0000000733600000|100%|HC|  |TAMS 0x0000000733400000| PB 0x0000000733400000| Complete 
| 374|0x0000000733600000, 0x0000000733800000, 0x0000000733800000|100%|HC|  |TAMS 0x0000000733600000| PB 0x0000000733600000| Complete 
| 375|0x0000000733800000, 0x0000000733a00000, 0x0000000733a00000|100%|HC|  |TAMS 0x0000000733800000| PB 0x0000000733800000| Complete 
| 376|0x0000000733a00000, 0x0000000733c00000, 0x0000000733c00000|100%|HC|  |TAMS 0x0000000733a00000| PB 0x0000000733a00000| Complete 
| 377|0x0000000733c00000, 0x0000000733e00000, 0x0000000733e00000|100%|HC|  |TAMS 0x0000000733c00000| PB 0x0000000733c00000| Complete 
| 378|0x0000000733e00000, 0x0000000734000000, 0x0000000734000000|100%|HC|  |TAMS 0x0000000733e00000| PB 0x0000000733e00000| Complete 
| 379|0x0000000734000000, 0x0000000734200000, 0x0000000734200000|100%|HC|  |TAMS 0x0000000734000000| PB 0x0000000734000000| Complete 
| 380|0x0000000734200000, 0x0000000734400000, 0x0000000734400000|100%|HC|  |TAMS 0x0000000734200000| PB 0x0000000734200000| Complete 
| 381|0x0000000734400000, 0x0000000734600000, 0x0000000734600000|100%|HC|  |TAMS 0x0000000734400000| PB 0x0000000734400000| Complete 
| 382|0x0000000734600000, 0x0000000734800000, 0x0000000734800000|100%|HC|  |TAMS 0x0000000734600000| PB 0x0000000734600000| Complete 
| 383|0x0000000734800000, 0x0000000734a00000, 0x0000000734a00000|100%|HC|  |TAMS 0x0000000734800000| PB 0x0000000734800000| Complete 
| 384|0x0000000734a00000, 0x0000000734c00000, 0x0000000734c00000|100%|HC|  |TAMS 0x0000000734a00000| PB 0x0000000734a00000| Complete 
| 385|0x0000000734c00000, 0x0000000734e00000, 0x0000000734e00000|100%|HC|  |TAMS 0x0000000734c00000| PB 0x0000000734c00000| Complete 
| 386|0x0000000734e00000, 0x0000000735000000, 0x0000000735000000|100%|HC|  |TAMS 0x0000000734e00000| PB 0x0000000734e00000| Complete 
| 387|0x0000000735000000, 0x0000000735200000, 0x0000000735200000|100%|HC|  |TAMS 0x0000000735000000| PB 0x0000000735000000| Complete 
| 388|0x0000000735200000, 0x0000000735400000, 0x0000000735400000|100%|HC|  |TAMS 0x0000000735200000| PB 0x0000000735200000| Complete 
| 389|0x0000000735400000, 0x0000000735600000, 0x0000000735600000|100%|HC|  |TAMS 0x0000000735400000| PB 0x0000000735400000| Complete 
| 390|0x0000000735600000, 0x0000000735800000, 0x0000000735800000|100%|HC|  |TAMS 0x0000000735600000| PB 0x0000000735600000| Complete 
| 391|0x0000000735800000, 0x0000000735a00000, 0x0000000735a00000|100%|HC|  |TAMS 0x0000000735800000| PB 0x0000000735800000| Complete 
| 392|0x0000000735a00000, 0x0000000735c00000, 0x0000000735c00000|100%|HC|  |TAMS 0x0000000735a00000| PB 0x0000000735a00000| Complete 
| 393|0x0000000735c00000, 0x0000000735e00000, 0x0000000735e00000|100%|HC|  |TAMS 0x0000000735c00000| PB 0x0000000735c00000| Complete 
| 394|0x0000000735e00000, 0x0000000736000000, 0x0000000736000000|100%|HC|  |TAMS 0x0000000735e00000| PB 0x0000000735e00000| Complete 
| 395|0x0000000736000000, 0x0000000736200000, 0x0000000736200000|100%|HC|  |TAMS 0x0000000736000000| PB 0x0000000736000000| Complete 
| 396|0x0000000736200000, 0x0000000736400000, 0x0000000736400000|100%|HC|  |TAMS 0x0000000736200000| PB 0x0000000736200000| Complete 
| 397|0x0000000736400000, 0x0000000736600000, 0x0000000736600000|100%|HC|  |TAMS 0x0000000736400000| PB 0x0000000736400000| Complete 
| 398|0x0000000736600000, 0x0000000736800000, 0x0000000736800000|100%|HC|  |TAMS 0x0000000736600000| PB 0x0000000736600000| Complete 
| 399|0x0000000736800000, 0x0000000736a00000, 0x0000000736a00000|100%|HC|  |TAMS 0x0000000736800000| PB 0x0000000736800000| Complete 
| 400|0x0000000736a00000, 0x0000000736c00000, 0x0000000736c00000|100%|HC|  |TAMS 0x0000000736a00000| PB 0x0000000736a00000| Complete 
| 401|0x0000000736c00000, 0x0000000736e00000, 0x0000000736e00000|100%|HC|  |TAMS 0x0000000736c00000| PB 0x0000000736c00000| Complete 
| 402|0x0000000736e00000, 0x0000000737000000, 0x0000000737000000|100%|HC|  |TAMS 0x0000000736e00000| PB 0x0000000736e00000| Complete 
| 403|0x0000000737000000, 0x0000000737200000, 0x0000000737200000|100%|HC|  |TAMS 0x0000000737000000| PB 0x0000000737000000| Complete 
| 404|0x0000000737200000, 0x0000000737400000, 0x0000000737400000|100%|HC|  |TAMS 0x0000000737200000| PB 0x0000000737200000| Complete 
| 405|0x0000000737400000, 0x0000000737600000, 0x0000000737600000|100%|HC|  |TAMS 0x0000000737400000| PB 0x0000000737400000| Complete 
| 406|0x0000000737600000, 0x0000000737800000, 0x0000000737800000|100%|HC|  |TAMS 0x0000000737600000| PB 0x0000000737600000| Complete 
| 407|0x0000000737800000, 0x0000000737a00000, 0x0000000737a00000|100%|HC|  |TAMS 0x0000000737800000| PB 0x0000000737800000| Complete 
| 408|0x0000000737a00000, 0x0000000737c00000, 0x0000000737c00000|100%|HC|  |TAMS 0x0000000737a00000| PB 0x0000000737a00000| Complete 
| 409|0x0000000737c00000, 0x0000000737e00000, 0x0000000737e00000|100%|HC|  |TAMS 0x0000000737c00000| PB 0x0000000737c00000| Complete 
| 410|0x0000000737e00000, 0x0000000738000000, 0x0000000738000000|100%|HC|  |TAMS 0x0000000737e00000| PB 0x0000000737e00000| Complete 
| 411|0x0000000738000000, 0x0000000738200000, 0x0000000738200000|100%|HC|  |TAMS 0x0000000738000000| PB 0x0000000738000000| Complete 
| 412|0x0000000738200000, 0x0000000738400000, 0x0000000738400000|100%|HC|  |TAMS 0x0000000738200000| PB 0x0000000738200000| Complete 
| 413|0x0000000738400000, 0x0000000738600000, 0x0000000738600000|100%|HC|  |TAMS 0x0000000738400000| PB 0x0000000738400000| Complete 
| 414|0x0000000738600000, 0x0000000738800000, 0x0000000738800000|100%|HC|  |TAMS 0x0000000738600000| PB 0x0000000738600000| Complete 
| 415|0x0000000738800000, 0x0000000738a00000, 0x0000000738a00000|100%|HC|  |TAMS 0x0000000738800000| PB 0x0000000738800000| Complete 
| 416|0x0000000738a00000, 0x0000000738c00000, 0x0000000738c00000|100%|HC|  |TAMS 0x0000000738a00000| PB 0x0000000738a00000| Complete 
| 417|0x0000000738c00000, 0x0000000738e00000, 0x0000000738e00000|100%|HC|  |TAMS 0x0000000738c00000| PB 0x0000000738c00000| Complete 
| 418|0x0000000738e00000, 0x0000000739000000, 0x0000000739000000|100%|HC|  |TAMS 0x0000000738e00000| PB 0x0000000738e00000| Complete 
| 419|0x0000000739000000, 0x0000000739200000, 0x0000000739200000|100%|HC|  |TAMS 0x0000000739000000| PB 0x0000000739000000| Complete 
| 420|0x0000000739200000, 0x0000000739400000, 0x0000000739400000|100%|HC|  |TAMS 0x0000000739200000| PB 0x0000000739200000| Complete 
| 421|0x0000000739400000, 0x0000000739600000, 0x0000000739600000|100%|HC|  |TAMS 0x0000000739400000| PB 0x0000000739400000| Complete 
| 422|0x0000000739600000, 0x0000000739800000, 0x0000000739800000|100%|HC|  |TAMS 0x0000000739600000| PB 0x0000000739600000| Complete 
| 423|0x0000000739800000, 0x0000000739a00000, 0x0000000739a00000|100%|HC|  |TAMS 0x0000000739800000| PB 0x0000000739800000| Complete 
| 424|0x0000000739a00000, 0x0000000739c00000, 0x0000000739c00000|100%|HC|  |TAMS 0x0000000739a00000| PB 0x0000000739a00000| Complete 
| 425|0x0000000739c00000, 0x0000000739e00000, 0x0000000739e00000|100%|HC|  |TAMS 0x0000000739c00000| PB 0x0000000739c00000| Complete 
| 426|0x0000000739e00000, 0x000000073a000000, 0x000000073a000000|100%|HC|  |TAMS 0x0000000739e00000| PB 0x0000000739e00000| Complete 
| 427|0x000000073a000000, 0x000000073a200000, 0x000000073a200000|100%|HC|  |TAMS 0x000000073a000000| PB 0x000000073a000000| Complete 
| 428|0x000000073a200000, 0x000000073a400000, 0x000000073a400000|100%|HC|  |TAMS 0x000000073a200000| PB 0x000000073a200000| Complete 
| 429|0x000000073a400000, 0x000000073a600000, 0x000000073a600000|100%|HC|  |TAMS 0x000000073a400000| PB 0x000000073a400000| Complete 
| 430|0x000000073a600000, 0x000000073a800000, 0x000000073a800000|100%|HC|  |TAMS 0x000000073a600000| PB 0x000000073a600000| Complete 
| 431|0x000000073a800000, 0x000000073aa00000, 0x000000073aa00000|100%|HC|  |TAMS 0x000000073a800000| PB 0x000000073a800000| Complete 
| 432|0x000000073aa00000, 0x000000073ac00000, 0x000000073ac00000|100%|HC|  |TAMS 0x000000073aa00000| PB 0x000000073aa00000| Complete 
| 433|0x000000073ac00000, 0x000000073ae00000, 0x000000073ae00000|100%|HC|  |TAMS 0x000000073ac00000| PB 0x000000073ac00000| Complete 
| 434|0x000000073ae00000, 0x000000073b000000, 0x000000073b000000|100%|HC|  |TAMS 0x000000073ae00000| PB 0x000000073ae00000| Complete 
| 435|0x000000073b000000, 0x000000073b200000, 0x000000073b200000|100%|HC|  |TAMS 0x000000073b000000| PB 0x000000073b000000| Complete 
| 436|0x000000073b200000, 0x000000073b400000, 0x000000073b400000|100%|HC|  |TAMS 0x000000073b200000| PB 0x000000073b200000| Complete 
| 437|0x000000073b400000, 0x000000073b600000, 0x000000073b600000|100%|HC|  |TAMS 0x000000073b400000| PB 0x000000073b400000| Complete 
| 438|0x000000073b600000, 0x000000073b800000, 0x000000073b800000|100%|HC|  |TAMS 0x000000073b600000| PB 0x000000073b600000| Complete 
| 439|0x000000073b800000, 0x000000073ba00000, 0x000000073ba00000|100%|HC|  |TAMS 0x000000073b800000| PB 0x000000073b800000| Complete 
| 440|0x000000073ba00000, 0x000000073bc00000, 0x000000073bc00000|100%|HC|  |TAMS 0x000000073ba00000| PB 0x000000073ba00000| Complete 
| 441|0x000000073bc00000, 0x000000073be00000, 0x000000073be00000|100%|HC|  |TAMS 0x000000073bc00000| PB 0x000000073bc00000| Complete 
| 442|0x000000073be00000, 0x000000073c000000, 0x000000073c000000|100%|HC|  |TAMS 0x000000073be00000| PB 0x000000073be00000| Complete 
| 443|0x000000073c000000, 0x000000073c200000, 0x000000073c200000|100%|HC|  |TAMS 0x000000073c000000| PB 0x000000073c000000| Complete 
| 444|0x000000073c200000, 0x000000073c400000, 0x000000073c400000|100%|HC|  |TAMS 0x000000073c200000| PB 0x000000073c200000| Complete 
| 445|0x000000073c400000, 0x000000073c600000, 0x000000073c600000|100%|HC|  |TAMS 0x000000073c400000| PB 0x000000073c400000| Complete 
| 446|0x000000073c600000, 0x000000073c800000, 0x000000073c800000|100%|HC|  |TAMS 0x000000073c600000| PB 0x000000073c600000| Complete 
| 447|0x000000073c800000, 0x000000073ca00000, 0x000000073ca00000|100%|HC|  |TAMS 0x000000073c800000| PB 0x000000073c800000| Complete 
| 448|0x000000073ca00000, 0x000000073cc00000, 0x000000073cc00000|100%|HC|  |TAMS 0x000000073ca00000| PB 0x000000073ca00000| Complete 
| 449|0x000000073cc00000, 0x000000073ce00000, 0x000000073ce00000|100%|HC|  |TAMS 0x000000073cc00000| PB 0x000000073cc00000| Complete 
| 450|0x000000073ce00000, 0x000000073d000000, 0x000000073d000000|100%|HC|  |TAMS 0x000000073ce00000| PB 0x000000073ce00000| Complete 
| 451|0x000000073d000000, 0x000000073d200000, 0x000000073d200000|100%|HC|  |TAMS 0x000000073d000000| PB 0x000000073d000000| Complete 
| 452|0x000000073d200000, 0x000000073d400000, 0x000000073d400000|100%|HC|  |TAMS 0x000000073d200000| PB 0x000000073d200000| Complete 
| 453|0x000000073d400000, 0x000000073d600000, 0x000000073d600000|100%|HC|  |TAMS 0x000000073d400000| PB 0x000000073d400000| Complete 
| 454|0x000000073d600000, 0x000000073d800000, 0x000000073d800000|100%|HC|  |TAMS 0x000000073d600000| PB 0x000000073d600000| Complete 
| 455|0x000000073d800000, 0x000000073da00000, 0x000000073da00000|100%|HC|  |TAMS 0x000000073d800000| PB 0x000000073d800000| Complete 
| 456|0x000000073da00000, 0x000000073dc00000, 0x000000073dc00000|100%|HC|  |TAMS 0x000000073da00000| PB 0x000000073da00000| Complete 
| 457|0x000000073dc00000, 0x000000073de00000, 0x000000073de00000|100%|HC|  |TAMS 0x000000073dc00000| PB 0x000000073dc00000| Complete 
| 458|0x000000073de00000, 0x000000073e000000, 0x000000073e000000|100%|HC|  |TAMS 0x000000073de00000| PB 0x000000073de00000| Complete 
| 459|0x000000073e000000, 0x000000073e200000, 0x000000073e200000|100%|HC|  |TAMS 0x000000073e000000| PB 0x000000073e000000| Complete 
| 460|0x000000073e200000, 0x000000073e400000, 0x000000073e400000|100%|HC|  |TAMS 0x000000073e200000| PB 0x000000073e200000| Complete 
| 461|0x000000073e400000, 0x000000073e600000, 0x000000073e600000|100%|HC|  |TAMS 0x000000073e400000| PB 0x000000073e400000| Complete 
| 462|0x000000073e600000, 0x000000073e800000, 0x000000073e800000|100%|HC|  |TAMS 0x000000073e600000| PB 0x000000073e600000| Complete 
| 463|0x000000073e800000, 0x000000073ea00000, 0x000000073ea00000|100%|HC|  |TAMS 0x000000073e800000| PB 0x000000073e800000| Complete 
| 464|0x000000073ea00000, 0x000000073ec00000, 0x000000073ec00000|100%|HS|  |TAMS 0x000000073ea00000| PB 0x000000073ea00000| Complete 
| 465|0x000000073ec00000, 0x000000073ee00000, 0x000000073ee00000|100%|HC|  |TAMS 0x000000073ec00000| PB 0x000000073ec00000| Complete 
| 466|0x000000073ee00000, 0x000000073f000000, 0x000000073f000000|100%|HC|  |TAMS 0x000000073ee00000| PB 0x000000073ee00000| Complete 
| 467|0x000000073f000000, 0x000000073f200000, 0x000000073f200000|100%|HC|  |TAMS 0x000000073f000000| PB 0x000000073f000000| Complete 
| 468|0x000000073f200000, 0x000000073f400000, 0x000000073f400000|100%|HC|  |TAMS 0x000000073f200000| PB 0x000000073f200000| Complete 
| 469|0x000000073f400000, 0x000000073f600000, 0x000000073f600000|100%|HC|  |TAMS 0x000000073f400000| PB 0x000000073f400000| Complete 
| 470|0x000000073f600000, 0x000000073f800000, 0x000000073f800000|100%|HC|  |TAMS 0x000000073f600000| PB 0x000000073f600000| Complete 
| 471|0x000000073f800000, 0x000000073fa00000, 0x000000073fa00000|100%|HC|  |TAMS 0x000000073f800000| PB 0x000000073f800000| Complete 
| 472|0x000000073fa00000, 0x000000073fc00000, 0x000000073fc00000|100%|HC|  |TAMS 0x000000073fa00000| PB 0x000000073fa00000| Complete 
| 473|0x000000073fc00000, 0x000000073fe00000, 0x000000073fe00000|100%|HC|  |TAMS 0x000000073fc00000| PB 0x000000073fc00000| Complete 
| 474|0x000000073fe00000, 0x0000000740000000, 0x0000000740000000|100%|HC|  |TAMS 0x000000073fe00000| PB 0x000000073fe00000| Complete 
| 475|0x0000000740000000, 0x0000000740200000, 0x0000000740200000|100%|HC|  |TAMS 0x0000000740000000| PB 0x0000000740000000| Complete 
| 476|0x0000000740200000, 0x0000000740400000, 0x0000000740400000|100%|HC|  |TAMS 0x0000000740200000| PB 0x0000000740200000| Complete 
| 477|0x0000000740400000, 0x0000000740600000, 0x0000000740600000|100%|HC|  |TAMS 0x0000000740400000| PB 0x0000000740400000| Complete 
| 478|0x0000000740600000, 0x0000000740800000, 0x0000000740800000|100%|HC|  |TAMS 0x0000000740600000| PB 0x0000000740600000| Complete 
| 479|0x0000000740800000, 0x0000000740a00000, 0x0000000740a00000|100%|HC|  |TAMS 0x0000000740800000| PB 0x0000000740800000| Complete 
| 480|0x0000000740a00000, 0x0000000740c00000, 0x0000000740c00000|100%|HC|  |TAMS 0x0000000740a00000| PB 0x0000000740a00000| Complete 
| 481|0x0000000740c00000, 0x0000000740e00000, 0x0000000740e00000|100%|HC|  |TAMS 0x0000000740c00000| PB 0x0000000740c00000| Complete 
| 482|0x0000000740e00000, 0x0000000741000000, 0x0000000741000000|100%|HC|  |TAMS 0x0000000740e00000| PB 0x0000000740e00000| Complete 
| 483|0x0000000741000000, 0x0000000741200000, 0x0000000741200000|100%|HC|  |TAMS 0x0000000741000000| PB 0x0000000741000000| Complete 
| 484|0x0000000741200000, 0x0000000741400000, 0x0000000741400000|100%|HC|  |TAMS 0x0000000741200000| PB 0x0000000741200000| Complete 
| 485|0x0000000741400000, 0x0000000741600000, 0x0000000741600000|100%|HC|  |TAMS 0x0000000741400000| PB 0x0000000741400000| Complete 
| 486|0x0000000741600000, 0x0000000741800000, 0x0000000741800000|100%|HC|  |TAMS 0x0000000741600000| PB 0x0000000741600000| Complete 
| 487|0x0000000741800000, 0x0000000741a00000, 0x0000000741a00000|100%|HC|  |TAMS 0x0000000741800000| PB 0x0000000741800000| Complete 
| 488|0x0000000741a00000, 0x0000000741c00000, 0x0000000741c00000|100%|HC|  |TAMS 0x0000000741a00000| PB 0x0000000741a00000| Complete 
| 489|0x0000000741c00000, 0x0000000741e00000, 0x0000000741e00000|100%|HC|  |TAMS 0x0000000741c00000| PB 0x0000000741c00000| Complete 
| 490|0x0000000741e00000, 0x0000000742000000, 0x0000000742000000|100%|HC|  |TAMS 0x0000000741e00000| PB 0x0000000741e00000| Complete 
| 491|0x0000000742000000, 0x0000000742200000, 0x0000000742200000|100%|HC|  |TAMS 0x0000000742000000| PB 0x0000000742000000| Complete 
| 492|0x0000000742200000, 0x0000000742400000, 0x0000000742400000|100%|HC|  |TAMS 0x0000000742200000| PB 0x0000000742200000| Complete 
| 493|0x0000000742400000, 0x0000000742600000, 0x0000000742600000|100%|HC|  |TAMS 0x0000000742400000| PB 0x0000000742400000| Complete 
| 494|0x0000000742600000, 0x0000000742800000, 0x0000000742800000|100%|HC|  |TAMS 0x0000000742600000| PB 0x0000000742600000| Complete 
| 495|0x0000000742800000, 0x0000000742a00000, 0x0000000742a00000|100%|HC|  |TAMS 0x0000000742800000| PB 0x0000000742800000| Complete 
| 496|0x0000000742a00000, 0x0000000742c00000, 0x0000000742c00000|100%|HC|  |TAMS 0x0000000742a00000| PB 0x0000000742a00000| Complete 
| 497|0x0000000742c00000, 0x0000000742e00000, 0x0000000742e00000|100%|HC|  |TAMS 0x0000000742c00000| PB 0x0000000742c00000| Complete 
| 498|0x0000000742e00000, 0x0000000743000000, 0x0000000743000000|100%|HC|  |TAMS 0x0000000742e00000| PB 0x0000000742e00000| Complete 
| 499|0x0000000743000000, 0x0000000743200000, 0x0000000743200000|100%|HC|  |TAMS 0x0000000743000000| PB 0x0000000743000000| Complete 
| 500|0x0000000743200000, 0x0000000743400000, 0x0000000743400000|100%|HC|  |TAMS 0x0000000743200000| PB 0x0000000743200000| Complete 
| 501|0x0000000743400000, 0x0000000743600000, 0x0000000743600000|100%|HC|  |TAMS 0x0000000743400000| PB 0x0000000743400000| Complete 
| 502|0x0000000743600000, 0x0000000743800000, 0x0000000743800000|100%|HC|  |TAMS 0x0000000743600000| PB 0x0000000743600000| Complete 
| 503|0x0000000743800000, 0x0000000743a00000, 0x0000000743a00000|100%|HC|  |TAMS 0x0000000743800000| PB 0x0000000743800000| Complete 
| 504|0x0000000743a00000, 0x0000000743c00000, 0x0000000743c00000|100%|HC|  |TAMS 0x0000000743a00000| PB 0x0000000743a00000| Complete 
| 505|0x0000000743c00000, 0x0000000743e00000, 0x0000000743e00000|100%|HC|  |TAMS 0x0000000743c00000| PB 0x0000000743c00000| Complete 
| 506|0x0000000743e00000, 0x0000000744000000, 0x0000000744000000|100%|HC|  |TAMS 0x0000000743e00000| PB 0x0000000743e00000| Complete 
| 507|0x0000000744000000, 0x0000000744200000, 0x0000000744200000|100%|HC|  |TAMS 0x0000000744000000| PB 0x0000000744000000| Complete 
| 508|0x0000000744200000, 0x0000000744400000, 0x0000000744400000|100%|HC|  |TAMS 0x0000000744200000| PB 0x0000000744200000| Complete 
| 509|0x0000000744400000, 0x0000000744600000, 0x0000000744600000|100%|HC|  |TAMS 0x0000000744400000| PB 0x0000000744400000| Complete 
| 510|0x0000000744600000, 0x0000000744800000, 0x0000000744800000|100%|HC|  |TAMS 0x0000000744600000| PB 0x0000000744600000| Complete 
| 511|0x0000000744800000, 0x0000000744a00000, 0x0000000744a00000|100%|HC|  |TAMS 0x0000000744800000| PB 0x0000000744800000| Complete 
| 512|0x0000000744a00000, 0x0000000744c00000, 0x0000000744c00000|100%|HC|  |TAMS 0x0000000744a00000| PB 0x0000000744a00000| Complete 
| 513|0x0000000744c00000, 0x0000000744e00000, 0x0000000744e00000|100%|HC|  |TAMS 0x0000000744c00000| PB 0x0000000744c00000| Complete 
| 514|0x0000000744e00000, 0x0000000745000000, 0x0000000745000000|100%|HC|  |TAMS 0x0000000744e00000| PB 0x0000000744e00000| Complete 
| 515|0x0000000745000000, 0x0000000745200000, 0x0000000745200000|100%|HC|  |TAMS 0x0000000745000000| PB 0x0000000745000000| Complete 
| 516|0x0000000745200000, 0x0000000745400000, 0x0000000745400000|100%|HC|  |TAMS 0x0000000745200000| PB 0x0000000745200000| Complete 
| 517|0x0000000745400000, 0x0000000745600000, 0x0000000745600000|100%|HC|  |TAMS 0x0000000745400000| PB 0x0000000745400000| Complete 
| 518|0x0000000745600000, 0x0000000745800000, 0x0000000745800000|100%|HC|  |TAMS 0x0000000745600000| PB 0x0000000745600000| Complete 
| 519|0x0000000745800000, 0x0000000745a00000, 0x0000000745a00000|100%|HC|  |TAMS 0x0000000745800000| PB 0x0000000745800000| Complete 
| 520|0x0000000745a00000, 0x0000000745c00000, 0x0000000745c00000|100%|HC|  |TAMS 0x0000000745a00000| PB 0x0000000745a00000| Complete 
| 521|0x0000000745c00000, 0x0000000745e00000, 0x0000000745e00000|100%|HC|  |TAMS 0x0000000745c00000| PB 0x0000000745c00000| Complete 
| 522|0x0000000745e00000, 0x0000000746000000, 0x0000000746000000|100%|HC|  |TAMS 0x0000000745e00000| PB 0x0000000745e00000| Complete 
| 523|0x0000000746000000, 0x0000000746200000, 0x0000000746200000|100%|HC|  |TAMS 0x0000000746000000| PB 0x0000000746000000| Complete 
| 524|0x0000000746200000, 0x0000000746400000, 0x0000000746400000|100%|HC|  |TAMS 0x0000000746200000| PB 0x0000000746200000| Complete 
| 525|0x0000000746400000, 0x0000000746600000, 0x0000000746600000|100%|HC|  |TAMS 0x0000000746400000| PB 0x0000000746400000| Complete 
| 526|0x0000000746600000, 0x0000000746800000, 0x0000000746800000|100%|HC|  |TAMS 0x0000000746600000| PB 0x0000000746600000| Complete 
| 527|0x0000000746800000, 0x0000000746a00000, 0x0000000746a00000|100%|HC|  |TAMS 0x0000000746800000| PB 0x0000000746800000| Complete 
| 528|0x0000000746a00000, 0x0000000746c00000, 0x0000000746c00000|100%|HC|  |TAMS 0x0000000746a00000| PB 0x0000000746a00000| Complete 
| 529|0x0000000746c00000, 0x0000000746e00000, 0x0000000746e00000|100%|HC|  |TAMS 0x0000000746c00000| PB 0x0000000746c00000| Complete 
| 530|0x0000000746e00000, 0x0000000747000000, 0x0000000747000000|100%|HC|  |TAMS 0x0000000746e00000| PB 0x0000000746e00000| Complete 
| 531|0x0000000747000000, 0x0000000747200000, 0x0000000747200000|100%|HC|  |TAMS 0x0000000747000000| PB 0x0000000747000000| Complete 
| 532|0x0000000747200000, 0x0000000747400000, 0x0000000747400000|100%|HC|  |TAMS 0x0000000747200000| PB 0x0000000747200000| Complete 
| 533|0x0000000747400000, 0x0000000747600000, 0x0000000747600000|100%|HC|  |TAMS 0x0000000747400000| PB 0x0000000747400000| Complete 
| 534|0x0000000747600000, 0x0000000747800000, 0x0000000747800000|100%|HC|  |TAMS 0x0000000747600000| PB 0x0000000747600000| Complete 
| 535|0x0000000747800000, 0x0000000747a00000, 0x0000000747a00000|100%|HC|  |TAMS 0x0000000747800000| PB 0x0000000747800000| Complete 
| 536|0x0000000747a00000, 0x0000000747c00000, 0x0000000747c00000|100%|HC|  |TAMS 0x0000000747a00000| PB 0x0000000747a00000| Complete 
| 537|0x0000000747c00000, 0x0000000747e00000, 0x0000000747e00000|100%|HC|  |TAMS 0x0000000747c00000| PB 0x0000000747c00000| Complete 
| 538|0x0000000747e00000, 0x0000000748000000, 0x0000000748000000|100%|HC|  |TAMS 0x0000000747e00000| PB 0x0000000747e00000| Complete 
| 539|0x0000000748000000, 0x0000000748200000, 0x0000000748200000|100%|HC|  |TAMS 0x0000000748000000| PB 0x0000000748000000| Complete 
| 540|0x0000000748200000, 0x0000000748400000, 0x0000000748400000|100%|HC|  |TAMS 0x0000000748200000| PB 0x0000000748200000| Complete 
| 541|0x0000000748400000, 0x0000000748600000, 0x0000000748600000|100%|HC|  |TAMS 0x0000000748400000| PB 0x0000000748400000| Complete 
| 542|0x0000000748600000, 0x0000000748800000, 0x0000000748800000|100%|HC|  |TAMS 0x0000000748600000| PB 0x0000000748600000| Complete 
| 543|0x0000000748800000, 0x0000000748a00000, 0x0000000748a00000|100%|HC|  |TAMS 0x0000000748800000| PB 0x0000000748800000| Complete 
| 544|0x0000000748a00000, 0x0000000748c00000, 0x0000000748c00000|100%|HC|  |TAMS 0x0000000748a00000| PB 0x0000000748a00000| Complete 
| 545|0x0000000748c00000, 0x0000000748e00000, 0x0000000748e00000|100%|HC|  |TAMS 0x0000000748c00000| PB 0x0000000748c00000| Complete 
| 546|0x0000000748e00000, 0x0000000749000000, 0x0000000749000000|100%|HC|  |TAMS 0x0000000748e00000| PB 0x0000000748e00000| Complete 
| 547|0x0000000749000000, 0x0000000749200000, 0x0000000749200000|100%|HC|  |TAMS 0x0000000749000000| PB 0x0000000749000000| Complete 
| 548|0x0000000749200000, 0x0000000749400000, 0x0000000749400000|100%|HC|  |TAMS 0x0000000749200000| PB 0x0000000749200000| Complete 
| 549|0x0000000749400000, 0x0000000749600000, 0x0000000749600000|100%|HC|  |TAMS 0x0000000749400000| PB 0x0000000749400000| Complete 
| 550|0x0000000749600000, 0x0000000749800000, 0x0000000749800000|100%|HC|  |TAMS 0x0000000749600000| PB 0x0000000749600000| Complete 
| 551|0x0000000749800000, 0x0000000749a00000, 0x0000000749a00000|100%|HC|  |TAMS 0x0000000749800000| PB 0x0000000749800000| Complete 
| 552|0x0000000749a00000, 0x0000000749c00000, 0x0000000749c00000|100%|HC|  |TAMS 0x0000000749a00000| PB 0x0000000749a00000| Complete 
| 553|0x0000000749c00000, 0x0000000749e00000, 0x0000000749e00000|100%|HC|  |TAMS 0x0000000749c00000| PB 0x0000000749c00000| Complete 
| 554|0x0000000749e00000, 0x000000074a000000, 0x000000074a000000|100%|HC|  |TAMS 0x0000000749e00000| PB 0x0000000749e00000| Complete 
| 555|0x000000074a000000, 0x000000074a200000, 0x000000074a200000|100%|HC|  |TAMS 0x000000074a000000| PB 0x000000074a000000| Complete 
| 556|0x000000074a200000, 0x000000074a400000, 0x000000074a400000|100%|HC|  |TAMS 0x000000074a200000| PB 0x000000074a200000| Complete 
| 557|0x000000074a400000, 0x000000074a600000, 0x000000074a600000|100%|HC|  |TAMS 0x000000074a400000| PB 0x000000074a400000| Complete 
| 558|0x000000074a600000, 0x000000074a800000, 0x000000074a800000|100%|HC|  |TAMS 0x000000074a600000| PB 0x000000074a600000| Complete 
| 559|0x000000074a800000, 0x000000074aa00000, 0x000000074aa00000|100%|HC|  |TAMS 0x000000074a800000| PB 0x000000074a800000| Complete 
| 560|0x000000074aa00000, 0x000000074ac00000, 0x000000074ac00000|100%|HC|  |TAMS 0x000000074aa00000| PB 0x000000074aa00000| Complete 
| 561|0x000000074ac00000, 0x000000074ae00000, 0x000000074ae00000|100%|HC|  |TAMS 0x000000074ac00000| PB 0x000000074ac00000| Complete 
| 562|0x000000074ae00000, 0x000000074b000000, 0x000000074b000000|100%|HC|  |TAMS 0x000000074ae00000| PB 0x000000074ae00000| Complete 
| 563|0x000000074b000000, 0x000000074b200000, 0x000000074b200000|100%|HC|  |TAMS 0x000000074b000000| PB 0x000000074b000000| Complete 
| 564|0x000000074b200000, 0x000000074b400000, 0x000000074b400000|100%|HC|  |TAMS 0x000000074b200000| PB 0x000000074b200000| Complete 
| 565|0x000000074b400000, 0x000000074b600000, 0x000000074b600000|100%|HC|  |TAMS 0x000000074b400000| PB 0x000000074b400000| Complete 
| 566|0x000000074b600000, 0x000000074b800000, 0x000000074b800000|100%|HC|  |TAMS 0x000000074b600000| PB 0x000000074b600000| Complete 
| 567|0x000000074b800000, 0x000000074ba00000, 0x000000074ba00000|100%|HC|  |TAMS 0x000000074b800000| PB 0x000000074b800000| Complete 
| 568|0x000000074ba00000, 0x000000074bc00000, 0x000000074bc00000|100%|HC|  |TAMS 0x000000074ba00000| PB 0x000000074ba00000| Complete 
| 569|0x000000074bc00000, 0x000000074be00000, 0x000000074be00000|100%|HC|  |TAMS 0x000000074bc00000| PB 0x000000074bc00000| Complete 
| 570|0x000000074be00000, 0x000000074c000000, 0x000000074c000000|100%|HC|  |TAMS 0x000000074be00000| PB 0x000000074be00000| Complete 
| 571|0x000000074c000000, 0x000000074c200000, 0x000000074c200000|100%|HC|  |TAMS 0x000000074c000000| PB 0x000000074c000000| Complete 
| 572|0x000000074c200000, 0x000000074c400000, 0x000000074c400000|100%|HC|  |TAMS 0x000000074c200000| PB 0x000000074c200000| Complete 
| 573|0x000000074c400000, 0x000000074c600000, 0x000000074c600000|100%|HC|  |TAMS 0x000000074c400000| PB 0x000000074c400000| Complete 
| 574|0x000000074c600000, 0x000000074c800000, 0x000000074c800000|100%|HC|  |TAMS 0x000000074c600000| PB 0x000000074c600000| Complete 
| 575|0x000000074c800000, 0x000000074ca00000, 0x000000074ca00000|100%|HC|  |TAMS 0x000000074c800000| PB 0x000000074c800000| Complete 
| 576|0x000000074ca00000, 0x000000074cc00000, 0x000000074cc00000|100%|HC|  |TAMS 0x000000074ca00000| PB 0x000000074ca00000| Complete 
| 577|0x000000074cc00000, 0x000000074ce00000, 0x000000074ce00000|100%|HC|  |TAMS 0x000000074cc00000| PB 0x000000074cc00000| Complete 
| 578|0x000000074ce00000, 0x000000074d000000, 0x000000074d000000|100%|HC|  |TAMS 0x000000074ce00000| PB 0x000000074ce00000| Complete 
| 579|0x000000074d000000, 0x000000074d200000, 0x000000074d200000|100%|HC|  |TAMS 0x000000074d000000| PB 0x000000074d000000| Complete 
| 580|0x000000074d200000, 0x000000074d400000, 0x000000074d400000|100%|HC|  |TAMS 0x000000074d200000| PB 0x000000074d200000| Complete 
| 581|0x000000074d400000, 0x000000074d600000, 0x000000074d600000|100%|HC|  |TAMS 0x000000074d400000| PB 0x000000074d400000| Complete 
| 582|0x000000074d600000, 0x000000074d800000, 0x000000074d800000|100%|HC|  |TAMS 0x000000074d600000| PB 0x000000074d600000| Complete 
| 583|0x000000074d800000, 0x000000074da00000, 0x000000074da00000|100%|HC|  |TAMS 0x000000074d800000| PB 0x000000074d800000| Complete 
| 584|0x000000074da00000, 0x000000074dc00000, 0x000000074dc00000|100%|HC|  |TAMS 0x000000074da00000| PB 0x000000074da00000| Complete 
| 585|0x000000074dc00000, 0x000000074de00000, 0x000000074de00000|100%|HC|  |TAMS 0x000000074dc00000| PB 0x000000074dc00000| Complete 
| 586|0x000000074de00000, 0x000000074e000000, 0x000000074e000000|100%|HC|  |TAMS 0x000000074de00000| PB 0x000000074de00000| Complete 
| 587|0x000000074e000000, 0x000000074e200000, 0x000000074e200000|100%|HC|  |TAMS 0x000000074e000000| PB 0x000000074e000000| Complete 
| 588|0x000000074e200000, 0x000000074e400000, 0x000000074e400000|100%|HC|  |TAMS 0x000000074e200000| PB 0x000000074e200000| Complete 
| 589|0x000000074e400000, 0x000000074e600000, 0x000000074e600000|100%|HC|  |TAMS 0x000000074e400000| PB 0x000000074e400000| Complete 
| 590|0x000000074e600000, 0x000000074e800000, 0x000000074e800000|100%|HC|  |TAMS 0x000000074e600000| PB 0x000000074e600000| Complete 
| 591|0x000000074e800000, 0x000000074ea00000, 0x000000074ea00000|100%|HC|  |TAMS 0x000000074e800000| PB 0x000000074e800000| Complete 
| 592|0x000000074ea00000, 0x000000074ec00000, 0x000000074ec00000|100%|HC|  |TAMS 0x000000074ea00000| PB 0x000000074ea00000| Complete 
| 593|0x000000074ec00000, 0x000000074ee00000, 0x000000074ee00000|100%|HC|  |TAMS 0x000000074ec00000| PB 0x000000074ec00000| Complete 
| 594|0x000000074ee00000, 0x000000074f000000, 0x000000074f000000|100%|HC|  |TAMS 0x000000074ee00000| PB 0x000000074ee00000| Complete 
| 595|0x000000074f000000, 0x000000074f200000, 0x000000074f200000|100%|HC|  |TAMS 0x000000074f000000| PB 0x000000074f000000| Complete 
| 596|0x000000074f200000, 0x000000074f400000, 0x000000074f400000|100%|HC|  |TAMS 0x000000074f200000| PB 0x000000074f200000| Complete 
| 597|0x000000074f400000, 0x000000074f600000, 0x000000074f600000|100%|HC|  |TAMS 0x000000074f400000| PB 0x000000074f400000| Complete 
| 598|0x000000074f600000, 0x000000074f800000, 0x000000074f800000|100%|HC|  |TAMS 0x000000074f600000| PB 0x000000074f600000| Complete 
| 599|0x000000074f800000, 0x000000074fa00000, 0x000000074fa00000|100%|HC|  |TAMS 0x000000074f800000| PB 0x000000074f800000| Complete 
| 600|0x000000074fa00000, 0x000000074fc00000, 0x000000074fc00000|100%|HC|  |TAMS 0x000000074fa00000| PB 0x000000074fa00000| Complete 
| 601|0x000000074fc00000, 0x000000074fe00000, 0x000000074fe00000|100%|HC|  |TAMS 0x000000074fc00000| PB 0x000000074fc00000| Complete 
| 602|0x000000074fe00000, 0x0000000750000000, 0x0000000750000000|100%|HC|  |TAMS 0x000000074fe00000| PB 0x000000074fe00000| Complete 
| 603|0x0000000750000000, 0x0000000750200000, 0x0000000750200000|100%|HC|  |TAMS 0x0000000750000000| PB 0x0000000750000000| Complete 
| 604|0x0000000750200000, 0x0000000750400000, 0x0000000750400000|100%|HC|  |TAMS 0x0000000750200000| PB 0x0000000750200000| Complete 
| 605|0x0000000750400000, 0x0000000750600000, 0x0000000750600000|100%|HC|  |TAMS 0x0000000750400000| PB 0x0000000750400000| Complete 
| 606|0x0000000750600000, 0x0000000750800000, 0x0000000750800000|100%|HC|  |TAMS 0x0000000750600000| PB 0x0000000750600000| Complete 
| 607|0x0000000750800000, 0x0000000750a00000, 0x0000000750a00000|100%|HC|  |TAMS 0x0000000750800000| PB 0x0000000750800000| Complete 
| 608|0x0000000750a00000, 0x0000000750c00000, 0x0000000750c00000|100%|HC|  |TAMS 0x0000000750a00000| PB 0x0000000750a00000| Complete 
| 609|0x0000000750c00000, 0x0000000750e00000, 0x0000000750e00000|100%|HC|  |TAMS 0x0000000750c00000| PB 0x0000000750c00000| Complete 
| 610|0x0000000750e00000, 0x0000000751000000, 0x0000000751000000|100%|HC|  |TAMS 0x0000000750e00000| PB 0x0000000750e00000| Complete 
| 611|0x0000000751000000, 0x0000000751200000, 0x0000000751200000|100%|HC|  |TAMS 0x0000000751000000| PB 0x0000000751000000| Complete 
| 612|0x0000000751200000, 0x0000000751400000, 0x0000000751400000|100%|HC|  |TAMS 0x0000000751200000| PB 0x0000000751200000| Complete 
| 613|0x0000000751400000, 0x0000000751600000, 0x0000000751600000|100%|HC|  |TAMS 0x0000000751400000| PB 0x0000000751400000| Complete 
| 614|0x0000000751600000, 0x0000000751800000, 0x0000000751800000|100%|HC|  |TAMS 0x0000000751600000| PB 0x0000000751600000| Complete 
| 615|0x0000000751800000, 0x0000000751a00000, 0x0000000751a00000|100%|HC|  |TAMS 0x0000000751800000| PB 0x0000000751800000| Complete 
| 616|0x0000000751a00000, 0x0000000751c00000, 0x0000000751c00000|100%|HC|  |TAMS 0x0000000751a00000| PB 0x0000000751a00000| Complete 
| 617|0x0000000751c00000, 0x0000000751e00000, 0x0000000751e00000|100%|HC|  |TAMS 0x0000000751c00000| PB 0x0000000751c00000| Complete 
| 618|0x0000000751e00000, 0x0000000752000000, 0x0000000752000000|100%|HC|  |TAMS 0x0000000751e00000| PB 0x0000000751e00000| Complete 
| 619|0x0000000752000000, 0x0000000752200000, 0x0000000752200000|100%|HC|  |TAMS 0x0000000752000000| PB 0x0000000752000000| Complete 
| 620|0x0000000752200000, 0x0000000752400000, 0x0000000752400000|100%|HC|  |TAMS 0x0000000752200000| PB 0x0000000752200000| Complete 
| 621|0x0000000752400000, 0x0000000752600000, 0x0000000752600000|100%|HC|  |TAMS 0x0000000752400000| PB 0x0000000752400000| Complete 
| 622|0x0000000752600000, 0x0000000752800000, 0x0000000752800000|100%|HC|  |TAMS 0x0000000752600000| PB 0x0000000752600000| Complete 
| 623|0x0000000752800000, 0x0000000752a00000, 0x0000000752a00000|100%|HC|  |TAMS 0x0000000752800000| PB 0x0000000752800000| Complete 
| 624|0x0000000752a00000, 0x0000000752c00000, 0x0000000752c00000|100%|HC|  |TAMS 0x0000000752a00000| PB 0x0000000752a00000| Complete 
| 625|0x0000000752c00000, 0x0000000752e00000, 0x0000000752e00000|100%|HC|  |TAMS 0x0000000752c00000| PB 0x0000000752c00000| Complete 
| 626|0x0000000752e00000, 0x0000000753000000, 0x0000000753000000|100%|HC|  |TAMS 0x0000000752e00000| PB 0x0000000752e00000| Complete 
| 627|0x0000000753000000, 0x0000000753200000, 0x0000000753200000|100%|HC|  |TAMS 0x0000000753000000| PB 0x0000000753000000| Complete 
| 628|0x0000000753200000, 0x0000000753400000, 0x0000000753400000|100%|HC|  |TAMS 0x0000000753200000| PB 0x0000000753200000| Complete 
| 629|0x0000000753400000, 0x0000000753600000, 0x0000000753600000|100%|HC|  |TAMS 0x0000000753400000| PB 0x0000000753400000| Complete 
| 630|0x0000000753600000, 0x0000000753800000, 0x0000000753800000|100%|HC|  |TAMS 0x0000000753600000| PB 0x0000000753600000| Complete 
| 631|0x0000000753800000, 0x0000000753a00000, 0x0000000753a00000|100%|HC|  |TAMS 0x0000000753800000| PB 0x0000000753800000| Complete 
| 632|0x0000000753a00000, 0x0000000753c00000, 0x0000000753c00000|100%|HC|  |TAMS 0x0000000753a00000| PB 0x0000000753a00000| Complete 
| 633|0x0000000753c00000, 0x0000000753e00000, 0x0000000753e00000|100%|HS|  |TAMS 0x0000000753c00000| PB 0x0000000753c00000| Complete 
| 634|0x0000000753e00000, 0x0000000754000000, 0x0000000754000000|100%|HC|  |TAMS 0x0000000753e00000| PB 0x0000000753e00000| Complete 
| 635|0x0000000754000000, 0x0000000754200000, 0x0000000754200000|100%|HC|  |TAMS 0x0000000754000000| PB 0x0000000754000000| Complete 
| 636|0x0000000754200000, 0x0000000754400000, 0x0000000754400000|100%|HC|  |TAMS 0x0000000754200000| PB 0x0000000754200000| Complete 
| 637|0x0000000754400000, 0x0000000754600000, 0x0000000754600000|100%|HC|  |TAMS 0x0000000754400000| PB 0x0000000754400000| Complete 
| 638|0x0000000754600000, 0x0000000754800000, 0x0000000754800000|100%|HC|  |TAMS 0x0000000754600000| PB 0x0000000754600000| Complete 
| 639|0x0000000754800000, 0x0000000754a00000, 0x0000000754a00000|100%|HC|  |TAMS 0x0000000754800000| PB 0x0000000754800000| Complete 
| 640|0x0000000754a00000, 0x0000000754c00000, 0x0000000754c00000|100%|HC|  |TAMS 0x0000000754a00000| PB 0x0000000754a00000| Complete 
| 641|0x0000000754c00000, 0x0000000754e00000, 0x0000000754e00000|100%|HC|  |TAMS 0x0000000754c00000| PB 0x0000000754c00000| Complete 
| 642|0x0000000754e00000, 0x0000000755000000, 0x0000000755000000|100%|HC|  |TAMS 0x0000000754e00000| PB 0x0000000754e00000| Complete 
| 643|0x0000000755000000, 0x0000000755200000, 0x0000000755200000|100%|HC|  |TAMS 0x0000000755000000| PB 0x0000000755000000| Complete 
| 644|0x0000000755200000, 0x0000000755400000, 0x0000000755400000|100%|HC|  |TAMS 0x0000000755200000| PB 0x0000000755200000| Complete 
| 645|0x0000000755400000, 0x0000000755600000, 0x0000000755600000|100%|HC|  |TAMS 0x0000000755400000| PB 0x0000000755400000| Complete 
| 646|0x0000000755600000, 0x0000000755800000, 0x0000000755800000|100%|HC|  |TAMS 0x0000000755600000| PB 0x0000000755600000| Complete 
| 647|0x0000000755800000, 0x0000000755a00000, 0x0000000755a00000|100%|HC|  |TAMS 0x0000000755800000| PB 0x0000000755800000| Complete 
| 648|0x0000000755a00000, 0x0000000755c00000, 0x0000000755c00000|100%|HC|  |TAMS 0x0000000755a00000| PB 0x0000000755a00000| Complete 
| 649|0x0000000755c00000, 0x0000000755e00000, 0x0000000755e00000|100%|HC|  |TAMS 0x0000000755c00000| PB 0x0000000755c00000| Complete 
| 650|0x0000000755e00000, 0x0000000756000000, 0x0000000756000000|100%|HC|  |TAMS 0x0000000755e00000| PB 0x0000000755e00000| Complete 
| 651|0x0000000756000000, 0x0000000756200000, 0x0000000756200000|100%|HC|  |TAMS 0x0000000756000000| PB 0x0000000756000000| Complete 
| 652|0x0000000756200000, 0x0000000756400000, 0x0000000756400000|100%|HC|  |TAMS 0x0000000756200000| PB 0x0000000756200000| Complete 
| 653|0x0000000756400000, 0x0000000756600000, 0x0000000756600000|100%|HC|  |TAMS 0x0000000756400000| PB 0x0000000756400000| Complete 
| 654|0x0000000756600000, 0x0000000756800000, 0x0000000756800000|100%|HC|  |TAMS 0x0000000756600000| PB 0x0000000756600000| Complete 
| 655|0x0000000756800000, 0x0000000756a00000, 0x0000000756a00000|100%|HC|  |TAMS 0x0000000756800000| PB 0x0000000756800000| Complete 
| 656|0x0000000756a00000, 0x0000000756c00000, 0x0000000756c00000|100%|HC|  |TAMS 0x0000000756a00000| PB 0x0000000756a00000| Complete 
| 657|0x0000000756c00000, 0x0000000756e00000, 0x0000000756e00000|100%|HC|  |TAMS 0x0000000756c00000| PB 0x0000000756c00000| Complete 
| 658|0x0000000756e00000, 0x0000000757000000, 0x0000000757000000|100%|HC|  |TAMS 0x0000000756e00000| PB 0x0000000756e00000| Complete 
| 659|0x0000000757000000, 0x0000000757200000, 0x0000000757200000|100%|HC|  |TAMS 0x0000000757000000| PB 0x0000000757000000| Complete 
| 660|0x0000000757200000, 0x0000000757400000, 0x0000000757400000|100%|HC|  |TAMS 0x0000000757200000| PB 0x0000000757200000| Complete 
| 661|0x0000000757400000, 0x0000000757600000, 0x0000000757600000|100%|HC|  |TAMS 0x0000000757400000| PB 0x0000000757400000| Complete 
| 662|0x0000000757600000, 0x0000000757800000, 0x0000000757800000|100%|HC|  |TAMS 0x0000000757600000| PB 0x0000000757600000| Complete 
| 663|0x0000000757800000, 0x0000000757a00000, 0x0000000757a00000|100%|HC|  |TAMS 0x0000000757800000| PB 0x0000000757800000| Complete 
| 664|0x0000000757a00000, 0x0000000757c00000, 0x0000000757c00000|100%|HC|  |TAMS 0x0000000757a00000| PB 0x0000000757a00000| Complete 
| 665|0x0000000757c00000, 0x0000000757e00000, 0x0000000757e00000|100%|HC|  |TAMS 0x0000000757c00000| PB 0x0000000757c00000| Complete 
| 666|0x0000000757e00000, 0x0000000758000000, 0x0000000758000000|100%|HC|  |TAMS 0x0000000757e00000| PB 0x0000000757e00000| Complete 
| 667|0x0000000758000000, 0x0000000758200000, 0x0000000758200000|100%|HC|  |TAMS 0x0000000758000000| PB 0x0000000758000000| Complete 
| 668|0x0000000758200000, 0x0000000758400000, 0x0000000758400000|100%|HC|  |TAMS 0x0000000758200000| PB 0x0000000758200000| Complete 
| 669|0x0000000758400000, 0x0000000758600000, 0x0000000758600000|100%|HC|  |TAMS 0x0000000758400000| PB 0x0000000758400000| Complete 
| 670|0x0000000758600000, 0x0000000758800000, 0x0000000758800000|100%|HC|  |TAMS 0x0000000758600000| PB 0x0000000758600000| Complete 
| 671|0x0000000758800000, 0x0000000758a00000, 0x0000000758a00000|100%|HC|  |TAMS 0x0000000758800000| PB 0x0000000758800000| Complete 
| 672|0x0000000758a00000, 0x0000000758c00000, 0x0000000758c00000|100%|HC|  |TAMS 0x0000000758a00000| PB 0x0000000758a00000| Complete 
| 673|0x0000000758c00000, 0x0000000758e00000, 0x0000000758e00000|100%|HC|  |TAMS 0x0000000758c00000| PB 0x0000000758c00000| Complete 
| 674|0x0000000758e00000, 0x0000000759000000, 0x0000000759000000|100%|HC|  |TAMS 0x0000000758e00000| PB 0x0000000758e00000| Complete 
| 675|0x0000000759000000, 0x0000000759200000, 0x0000000759200000|100%|HC|  |TAMS 0x0000000759000000| PB 0x0000000759000000| Complete 
| 676|0x0000000759200000, 0x0000000759400000, 0x0000000759400000|100%|HC|  |TAMS 0x0000000759200000| PB 0x0000000759200000| Complete 
| 677|0x0000000759400000, 0x0000000759600000, 0x0000000759600000|100%|HC|  |TAMS 0x0000000759400000| PB 0x0000000759400000| Complete 
| 678|0x0000000759600000, 0x0000000759800000, 0x0000000759800000|100%|HC|  |TAMS 0x0000000759600000| PB 0x0000000759600000| Complete 
| 679|0x0000000759800000, 0x0000000759a00000, 0x0000000759a00000|100%|HC|  |TAMS 0x0000000759800000| PB 0x0000000759800000| Complete 
| 680|0x0000000759a00000, 0x0000000759c00000, 0x0000000759c00000|100%|HC|  |TAMS 0x0000000759a00000| PB 0x0000000759a00000| Complete 
| 681|0x0000000759c00000, 0x0000000759e00000, 0x0000000759e00000|100%|HC|  |TAMS 0x0000000759c00000| PB 0x0000000759c00000| Complete 
| 682|0x0000000759e00000, 0x000000075a000000, 0x000000075a000000|100%|HC|  |TAMS 0x0000000759e00000| PB 0x0000000759e00000| Complete 
| 683|0x000000075a000000, 0x000000075a200000, 0x000000075a200000|100%|HC|  |TAMS 0x000000075a000000| PB 0x000000075a000000| Complete 
| 684|0x000000075a200000, 0x000000075a400000, 0x000000075a400000|100%|HC|  |TAMS 0x000000075a200000| PB 0x000000075a200000| Complete 
| 685|0x000000075a400000, 0x000000075a600000, 0x000000075a600000|100%|HC|  |TAMS 0x000000075a400000| PB 0x000000075a400000| Complete 
| 686|0x000000075a600000, 0x000000075a800000, 0x000000075a800000|100%|HC|  |TAMS 0x000000075a600000| PB 0x000000075a600000| Complete 
| 687|0x000000075a800000, 0x000000075aa00000, 0x000000075aa00000|100%|HC|  |TAMS 0x000000075a800000| PB 0x000000075a800000| Complete 
| 688|0x000000075aa00000, 0x000000075ac00000, 0x000000075ac00000|100%|HC|  |TAMS 0x000000075aa00000| PB 0x000000075aa00000| Complete 
| 689|0x000000075ac00000, 0x000000075ae00000, 0x000000075ae00000|100%|HC|  |TAMS 0x000000075ac00000| PB 0x000000075ac00000| Complete 
| 690|0x000000075ae00000, 0x000000075b000000, 0x000000075b000000|100%|HC|  |TAMS 0x000000075ae00000| PB 0x000000075ae00000| Complete 
| 691|0x000000075b000000, 0x000000075b200000, 0x000000075b200000|100%|HC|  |TAMS 0x000000075b000000| PB 0x000000075b000000| Complete 
| 692|0x000000075b200000, 0x000000075b400000, 0x000000075b400000|100%|HC|  |TAMS 0x000000075b200000| PB 0x000000075b200000| Complete 
| 693|0x000000075b400000, 0x000000075b600000, 0x000000075b600000|100%|HC|  |TAMS 0x000000075b400000| PB 0x000000075b400000| Complete 
| 694|0x000000075b600000, 0x000000075b800000, 0x000000075b800000|100%|HC|  |TAMS 0x000000075b600000| PB 0x000000075b600000| Complete 
| 695|0x000000075b800000, 0x000000075ba00000, 0x000000075ba00000|100%|HC|  |TAMS 0x000000075b800000| PB 0x000000075b800000| Complete 
| 696|0x000000075ba00000, 0x000000075bc00000, 0x000000075bc00000|100%|HC|  |TAMS 0x000000075ba00000| PB 0x000000075ba00000| Complete 
| 697|0x000000075bc00000, 0x000000075be00000, 0x000000075be00000|100%|HC|  |TAMS 0x000000075bc00000| PB 0x000000075bc00000| Complete 
| 698|0x000000075be00000, 0x000000075c000000, 0x000000075c000000|100%|HC|  |TAMS 0x000000075be00000| PB 0x000000075be00000| Complete 
| 699|0x000000075c000000, 0x000000075c200000, 0x000000075c200000|100%|HC|  |TAMS 0x000000075c000000| PB 0x000000075c000000| Complete 
| 700|0x000000075c200000, 0x000000075c400000, 0x000000075c400000|100%|HC|  |TAMS 0x000000075c200000| PB 0x000000075c200000| Complete 
| 701|0x000000075c400000, 0x000000075c600000, 0x000000075c600000|100%|HC|  |TAMS 0x000000075c400000| PB 0x000000075c400000| Complete 
| 702|0x000000075c600000, 0x000000075c800000, 0x000000075c800000|100%|HC|  |TAMS 0x000000075c600000| PB 0x000000075c600000| Complete 
| 703|0x000000075c800000, 0x000000075ca00000, 0x000000075ca00000|100%|HC|  |TAMS 0x000000075c800000| PB 0x000000075c800000| Complete 
| 704|0x000000075ca00000, 0x000000075cc00000, 0x000000075cc00000|100%|HC|  |TAMS 0x000000075ca00000| PB 0x000000075ca00000| Complete 
| 705|0x000000075cc00000, 0x000000075ce00000, 0x000000075ce00000|100%|HC|  |TAMS 0x000000075cc00000| PB 0x000000075cc00000| Complete 
| 706|0x000000075ce00000, 0x000000075d000000, 0x000000075d000000|100%|HC|  |TAMS 0x000000075ce00000| PB 0x000000075ce00000| Complete 
| 707|0x000000075d000000, 0x000000075d200000, 0x000000075d200000|100%|HC|  |TAMS 0x000000075d000000| PB 0x000000075d000000| Complete 
| 708|0x000000075d200000, 0x000000075d400000, 0x000000075d400000|100%|HC|  |TAMS 0x000000075d200000| PB 0x000000075d200000| Complete 
| 709|0x000000075d400000, 0x000000075d600000, 0x000000075d600000|100%|HC|  |TAMS 0x000000075d400000| PB 0x000000075d400000| Complete 
| 710|0x000000075d600000, 0x000000075d800000, 0x000000075d800000|100%|HC|  |TAMS 0x000000075d600000| PB 0x000000075d600000| Complete 
| 711|0x000000075d800000, 0x000000075da00000, 0x000000075da00000|100%|HC|  |TAMS 0x000000075d800000| PB 0x000000075d800000| Complete 
| 712|0x000000075da00000, 0x000000075dc00000, 0x000000075dc00000|100%|HC|  |TAMS 0x000000075da00000| PB 0x000000075da00000| Complete 
| 713|0x000000075dc00000, 0x000000075de00000, 0x000000075de00000|100%|HC|  |TAMS 0x000000075dc00000| PB 0x000000075dc00000| Complete 
| 714|0x000000075de00000, 0x000000075e000000, 0x000000075e000000|100%|HC|  |TAMS 0x000000075de00000| PB 0x000000075de00000| Complete 
| 715|0x000000075e000000, 0x000000075e200000, 0x000000075e200000|100%|HC|  |TAMS 0x000000075e000000| PB 0x000000075e000000| Complete 
| 716|0x000000075e200000, 0x000000075e400000, 0x000000075e400000|100%|HC|  |TAMS 0x000000075e200000| PB 0x000000075e200000| Complete 
| 717|0x000000075e400000, 0x000000075e600000, 0x000000075e600000|100%|HC|  |TAMS 0x000000075e400000| PB 0x000000075e400000| Complete 
| 718|0x000000075e600000, 0x000000075e800000, 0x000000075e800000|100%|HC|  |TAMS 0x000000075e600000| PB 0x000000075e600000| Complete 
| 719|0x000000075e800000, 0x000000075ea00000, 0x000000075ea00000|100%|HC|  |TAMS 0x000000075e800000| PB 0x000000075e800000| Complete 
| 720|0x000000075ea00000, 0x000000075ec00000, 0x000000075ec00000|100%|HC|  |TAMS 0x000000075ea00000| PB 0x000000075ea00000| Complete 
| 721|0x000000075ec00000, 0x000000075ee00000, 0x000000075ee00000|100%|HC|  |TAMS 0x000000075ec00000| PB 0x000000075ec00000| Complete 
| 722|0x000000075ee00000, 0x000000075f000000, 0x000000075f000000|100%|HC|  |TAMS 0x000000075ee00000| PB 0x000000075ee00000| Complete 
| 723|0x000000075f000000, 0x000000075f200000, 0x000000075f200000|100%|HC|  |TAMS 0x000000075f000000| PB 0x000000075f000000| Complete 
| 724|0x000000075f200000, 0x000000075f400000, 0x000000075f400000|100%|HC|  |TAMS 0x000000075f200000| PB 0x000000075f200000| Complete 
| 725|0x000000075f400000, 0x000000075f600000, 0x000000075f600000|100%|HC|  |TAMS 0x000000075f400000| PB 0x000000075f400000| Complete 
| 726|0x000000075f600000, 0x000000075f800000, 0x000000075f800000|100%|HC|  |TAMS 0x000000075f600000| PB 0x000000075f600000| Complete 
| 727|0x000000075f800000, 0x000000075fa00000, 0x000000075fa00000|100%|HC|  |TAMS 0x000000075f800000| PB 0x000000075f800000| Complete 
| 728|0x000000075fa00000, 0x000000075fc00000, 0x000000075fc00000|100%|HC|  |TAMS 0x000000075fa00000| PB 0x000000075fa00000| Complete 
| 729|0x000000075fc00000, 0x000000075fe00000, 0x000000075fe00000|100%|HC|  |TAMS 0x000000075fc00000| PB 0x000000075fc00000| Complete 
| 730|0x000000075fe00000, 0x0000000760000000, 0x0000000760000000|100%|HC|  |TAMS 0x000000075fe00000| PB 0x000000075fe00000| Complete 
| 731|0x0000000760000000, 0x0000000760200000, 0x0000000760200000|100%|HC|  |TAMS 0x0000000760000000| PB 0x0000000760000000| Complete 
| 732|0x0000000760200000, 0x0000000760400000, 0x0000000760400000|100%|HC|  |TAMS 0x0000000760200000| PB 0x0000000760200000| Complete 
| 733|0x0000000760400000, 0x0000000760600000, 0x0000000760600000|100%|HC|  |TAMS 0x0000000760400000| PB 0x0000000760400000| Complete 
| 734|0x0000000760600000, 0x0000000760800000, 0x0000000760800000|100%|HC|  |TAMS 0x0000000760600000| PB 0x0000000760600000| Complete 
| 735|0x0000000760800000, 0x0000000760a00000, 0x0000000760a00000|100%|HC|  |TAMS 0x0000000760800000| PB 0x0000000760800000| Complete 
| 736|0x0000000760a00000, 0x0000000760c00000, 0x0000000760c00000|100%|HC|  |TAMS 0x0000000760a00000| PB 0x0000000760a00000| Complete 
| 737|0x0000000760c00000, 0x0000000760e00000, 0x0000000760e00000|100%|HC|  |TAMS 0x0000000760c00000| PB 0x0000000760c00000| Complete 
| 738|0x0000000760e00000, 0x0000000761000000, 0x0000000761000000|100%|HC|  |TAMS 0x0000000760e00000| PB 0x0000000760e00000| Complete 
| 739|0x0000000761000000, 0x0000000761200000, 0x0000000761200000|100%|HC|  |TAMS 0x0000000761000000| PB 0x0000000761000000| Complete 
| 740|0x0000000761200000, 0x0000000761400000, 0x0000000761400000|100%|HC|  |TAMS 0x0000000761200000| PB 0x0000000761200000| Complete 
| 741|0x0000000761400000, 0x0000000761600000, 0x0000000761600000|100%|HC|  |TAMS 0x0000000761400000| PB 0x0000000761400000| Complete 
| 742|0x0000000761600000, 0x0000000761800000, 0x0000000761800000|100%|HC|  |TAMS 0x0000000761600000| PB 0x0000000761600000| Complete 
| 743|0x0000000761800000, 0x0000000761a00000, 0x0000000761a00000|100%|HC|  |TAMS 0x0000000761800000| PB 0x0000000761800000| Complete 
| 744|0x0000000761a00000, 0x0000000761c00000, 0x0000000761c00000|100%|HC|  |TAMS 0x0000000761a00000| PB 0x0000000761a00000| Complete 
| 745|0x0000000761c00000, 0x0000000761e00000, 0x0000000761e00000|100%|HC|  |TAMS 0x0000000761c00000| PB 0x0000000761c00000| Complete 
| 746|0x0000000761e00000, 0x0000000762000000, 0x0000000762000000|100%|HC|  |TAMS 0x0000000761e00000| PB 0x0000000761e00000| Complete 
| 747|0x0000000762000000, 0x0000000762200000, 0x0000000762200000|100%|HC|  |TAMS 0x0000000762000000| PB 0x0000000762000000| Complete 
| 748|0x0000000762200000, 0x0000000762400000, 0x0000000762400000|100%|HC|  |TAMS 0x0000000762200000| PB 0x0000000762200000| Complete 
| 749|0x0000000762400000, 0x0000000762600000, 0x0000000762600000|100%|HC|  |TAMS 0x0000000762400000| PB 0x0000000762400000| Complete 
| 750|0x0000000762600000, 0x0000000762800000, 0x0000000762800000|100%|HC|  |TAMS 0x0000000762600000| PB 0x0000000762600000| Complete 
| 751|0x0000000762800000, 0x0000000762a00000, 0x0000000762a00000|100%|HC|  |TAMS 0x0000000762800000| PB 0x0000000762800000| Complete 
| 752|0x0000000762a00000, 0x0000000762c00000, 0x0000000762c00000|100%|HC|  |TAMS 0x0000000762a00000| PB 0x0000000762a00000| Complete 
| 753|0x0000000762c00000, 0x0000000762e00000, 0x0000000762e00000|100%|HC|  |TAMS 0x0000000762c00000| PB 0x0000000762c00000| Complete 
| 754|0x0000000762e00000, 0x0000000763000000, 0x0000000763000000|100%|HC|  |TAMS 0x0000000762e00000| PB 0x0000000762e00000| Complete 
| 755|0x0000000763000000, 0x0000000763200000, 0x0000000763200000|100%|HC|  |TAMS 0x0000000763000000| PB 0x0000000763000000| Complete 
| 756|0x0000000763200000, 0x0000000763400000, 0x0000000763400000|100%|HC|  |TAMS 0x0000000763200000| PB 0x0000000763200000| Complete 
| 757|0x0000000763400000, 0x0000000763600000, 0x0000000763600000|100%|HC|  |TAMS 0x0000000763400000| PB 0x0000000763400000| Complete 
| 758|0x0000000763600000, 0x0000000763800000, 0x0000000763800000|100%|HC|  |TAMS 0x0000000763600000| PB 0x0000000763600000| Complete 
| 759|0x0000000763800000, 0x0000000763a00000, 0x0000000763a00000|100%|HC|  |TAMS 0x0000000763800000| PB 0x0000000763800000| Complete 
| 760|0x0000000763a00000, 0x0000000763c00000, 0x0000000763c00000|100%|HC|  |TAMS 0x0000000763a00000| PB 0x0000000763a00000| Complete 
| 761|0x0000000763c00000, 0x0000000763e00000, 0x0000000763e00000|100%|HC|  |TAMS 0x0000000763c00000| PB 0x0000000763c00000| Complete 
| 762|0x0000000763e00000, 0x0000000764000000, 0x0000000764000000|100%|HC|  |TAMS 0x0000000763e00000| PB 0x0000000763e00000| Complete 
| 763|0x0000000764000000, 0x0000000764200000, 0x0000000764200000|100%|HC|  |TAMS 0x0000000764000000| PB 0x0000000764000000| Complete 
| 764|0x0000000764200000, 0x0000000764400000, 0x0000000764400000|100%|HC|  |TAMS 0x0000000764200000| PB 0x0000000764200000| Complete 
| 765|0x0000000764400000, 0x0000000764600000, 0x0000000764600000|100%|HC|  |TAMS 0x0000000764400000| PB 0x0000000764400000| Complete 
| 766|0x0000000764600000, 0x0000000764800000, 0x0000000764800000|100%|HC|  |TAMS 0x0000000764600000| PB 0x0000000764600000| Complete 
| 767|0x0000000764800000, 0x0000000764a00000, 0x0000000764a00000|100%|HC|  |TAMS 0x0000000764800000| PB 0x0000000764800000| Complete 
| 768|0x0000000764a00000, 0x0000000764c00000, 0x0000000764c00000|100%|HC|  |TAMS 0x0000000764a00000| PB 0x0000000764a00000| Complete 
| 769|0x0000000764c00000, 0x0000000764e00000, 0x0000000764e00000|100%|HC|  |TAMS 0x0000000764c00000| PB 0x0000000764c00000| Complete 
| 770|0x0000000764e00000, 0x0000000765000000, 0x0000000765000000|100%|HC|  |TAMS 0x0000000764e00000| PB 0x0000000764e00000| Complete 
| 771|0x0000000765000000, 0x0000000765200000, 0x0000000765200000|100%|HC|  |TAMS 0x0000000765000000| PB 0x0000000765000000| Complete 
| 772|0x0000000765200000, 0x0000000765400000, 0x0000000765400000|100%|HC|  |TAMS 0x0000000765200000| PB 0x0000000765200000| Complete 
| 773|0x0000000765400000, 0x0000000765600000, 0x0000000765600000|100%|HC|  |TAMS 0x0000000765400000| PB 0x0000000765400000| Complete 
| 774|0x0000000765600000, 0x0000000765800000, 0x0000000765800000|100%|HC|  |TAMS 0x0000000765600000| PB 0x0000000765600000| Complete 
| 775|0x0000000765800000, 0x0000000765a00000, 0x0000000765a00000|100%|HC|  |TAMS 0x0000000765800000| PB 0x0000000765800000| Complete 
| 776|0x0000000765a00000, 0x0000000765c00000, 0x0000000765c00000|100%|HC|  |TAMS 0x0000000765a00000| PB 0x0000000765a00000| Complete 
| 777|0x0000000765c00000, 0x0000000765e00000, 0x0000000765e00000|100%|HC|  |TAMS 0x0000000765c00000| PB 0x0000000765c00000| Complete 
| 778|0x0000000765e00000, 0x0000000766000000, 0x0000000766000000|100%|HC|  |TAMS 0x0000000765e00000| PB 0x0000000765e00000| Complete 
| 779|0x0000000766000000, 0x0000000766200000, 0x0000000766200000|100%|HC|  |TAMS 0x0000000766000000| PB 0x0000000766000000| Complete 
| 780|0x0000000766200000, 0x0000000766400000, 0x0000000766400000|100%|HC|  |TAMS 0x0000000766200000| PB 0x0000000766200000| Complete 
| 781|0x0000000766400000, 0x0000000766600000, 0x0000000766600000|100%|HC|  |TAMS 0x0000000766400000| PB 0x0000000766400000| Complete 
| 782|0x0000000766600000, 0x0000000766800000, 0x0000000766800000|100%|HC|  |TAMS 0x0000000766600000| PB 0x0000000766600000| Complete 
| 783|0x0000000766800000, 0x0000000766a00000, 0x0000000766a00000|100%|HC|  |TAMS 0x0000000766800000| PB 0x0000000766800000| Complete 
| 784|0x0000000766a00000, 0x0000000766c00000, 0x0000000766c00000|100%|HC|  |TAMS 0x0000000766a00000| PB 0x0000000766a00000| Complete 
| 785|0x0000000766c00000, 0x0000000766e00000, 0x0000000766e00000|100%|HC|  |TAMS 0x0000000766c00000| PB 0x0000000766c00000| Complete 
| 786|0x0000000766e00000, 0x0000000767000000, 0x0000000767000000|100%|HC|  |TAMS 0x0000000766e00000| PB 0x0000000766e00000| Complete 
| 787|0x0000000767000000, 0x0000000767200000, 0x0000000767200000|100%|HC|  |TAMS 0x0000000767000000| PB 0x0000000767000000| Complete 
| 788|0x0000000767200000, 0x0000000767400000, 0x0000000767400000|100%|HC|  |TAMS 0x0000000767200000| PB 0x0000000767200000| Complete 
| 789|0x0000000767400000, 0x0000000767600000, 0x0000000767600000|100%|HC|  |TAMS 0x0000000767400000| PB 0x0000000767400000| Complete 
| 790|0x0000000767600000, 0x0000000767800000, 0x0000000767800000|100%|HC|  |TAMS 0x0000000767600000| PB 0x0000000767600000| Complete 
| 791|0x0000000767800000, 0x0000000767a00000, 0x0000000767a00000|100%|HC|  |TAMS 0x0000000767800000| PB 0x0000000767800000| Complete 
| 792|0x0000000767a00000, 0x0000000767c00000, 0x0000000767c00000|100%|HC|  |TAMS 0x0000000767a00000| PB 0x0000000767a00000| Complete 
| 793|0x0000000767c00000, 0x0000000767e00000, 0x0000000767e00000|100%|HC|  |TAMS 0x0000000767c00000| PB 0x0000000767c00000| Complete 
| 794|0x0000000767e00000, 0x0000000768000000, 0x0000000768000000|100%|HC|  |TAMS 0x0000000767e00000| PB 0x0000000767e00000| Complete 
| 795|0x0000000768000000, 0x0000000768200000, 0x0000000768200000|100%|HC|  |TAMS 0x0000000768000000| PB 0x0000000768000000| Complete 
| 796|0x0000000768200000, 0x0000000768400000, 0x0000000768400000|100%|HC|  |TAMS 0x0000000768200000| PB 0x0000000768200000| Complete 
| 797|0x0000000768400000, 0x0000000768600000, 0x0000000768600000|100%|HC|  |TAMS 0x0000000768400000| PB 0x0000000768400000| Complete 
| 798|0x0000000768600000, 0x0000000768800000, 0x0000000768800000|100%|HC|  |TAMS 0x0000000768600000| PB 0x0000000768600000| Complete 
| 799|0x0000000768800000, 0x0000000768a00000, 0x0000000768a00000|100%|HC|  |TAMS 0x0000000768800000| PB 0x0000000768800000| Complete 
| 800|0x0000000768a00000, 0x0000000768c00000, 0x0000000768c00000|100%|HC|  |TAMS 0x0000000768a00000| PB 0x0000000768a00000| Complete 
| 801|0x0000000768c00000, 0x0000000768e00000, 0x0000000768e00000|100%|HC|  |TAMS 0x0000000768c00000| PB 0x0000000768c00000| Complete 
| 802|0x0000000768e00000, 0x0000000769000000, 0x0000000769000000|100%|HS|  |TAMS 0x0000000768e00000| PB 0x0000000768e00000| Complete 
| 803|0x0000000769000000, 0x0000000769200000, 0x0000000769200000|100%|HC|  |TAMS 0x0000000769000000| PB 0x0000000769000000| Complete 
| 804|0x0000000769200000, 0x0000000769400000, 0x0000000769400000|100%|HC|  |TAMS 0x0000000769200000| PB 0x0000000769200000| Complete 
| 805|0x0000000769400000, 0x0000000769600000, 0x0000000769600000|100%|HC|  |TAMS 0x0000000769400000| PB 0x0000000769400000| Complete 
| 806|0x0000000769600000, 0x0000000769800000, 0x0000000769800000|100%|HC|  |TAMS 0x0000000769600000| PB 0x0000000769600000| Complete 
| 807|0x0000000769800000, 0x0000000769a00000, 0x0000000769a00000|100%|HC|  |TAMS 0x0000000769800000| PB 0x0000000769800000| Complete 
| 808|0x0000000769a00000, 0x0000000769c00000, 0x0000000769c00000|100%|HC|  |TAMS 0x0000000769a00000| PB 0x0000000769a00000| Complete 
| 809|0x0000000769c00000, 0x0000000769e00000, 0x0000000769e00000|100%|HC|  |TAMS 0x0000000769c00000| PB 0x0000000769c00000| Complete 
| 810|0x0000000769e00000, 0x000000076a000000, 0x000000076a000000|100%|HC|  |TAMS 0x0000000769e00000| PB 0x0000000769e00000| Complete 
| 811|0x000000076a000000, 0x000000076a200000, 0x000000076a200000|100%|HC|  |TAMS 0x000000076a000000| PB 0x000000076a000000| Complete 
| 812|0x000000076a200000, 0x000000076a400000, 0x000000076a400000|100%|HC|  |TAMS 0x000000076a200000| PB 0x000000076a200000| Complete 
| 813|0x000000076a400000, 0x000000076a600000, 0x000000076a600000|100%|HC|  |TAMS 0x000000076a400000| PB 0x000000076a400000| Complete 
| 814|0x000000076a600000, 0x000000076a800000, 0x000000076a800000|100%|HC|  |TAMS 0x000000076a600000| PB 0x000000076a600000| Complete 
| 815|0x000000076a800000, 0x000000076aa00000, 0x000000076aa00000|100%|HC|  |TAMS 0x000000076a800000| PB 0x000000076a800000| Complete 
| 816|0x000000076aa00000, 0x000000076ac00000, 0x000000076ac00000|100%|HC|  |TAMS 0x000000076aa00000| PB 0x000000076aa00000| Complete 
| 817|0x000000076ac00000, 0x000000076ae00000, 0x000000076ae00000|100%|HC|  |TAMS 0x000000076ac00000| PB 0x000000076ac00000| Complete 
| 818|0x000000076ae00000, 0x000000076b000000, 0x000000076b000000|100%|HC|  |TAMS 0x000000076ae00000| PB 0x000000076ae00000| Complete 
| 819|0x000000076b000000, 0x000000076b200000, 0x000000076b200000|100%|HC|  |TAMS 0x000000076b000000| PB 0x000000076b000000| Complete 
| 820|0x000000076b200000, 0x000000076b400000, 0x000000076b400000|100%|HC|  |TAMS 0x000000076b200000| PB 0x000000076b200000| Complete 
| 821|0x000000076b400000, 0x000000076b600000, 0x000000076b600000|100%|HC|  |TAMS 0x000000076b400000| PB 0x000000076b400000| Complete 
| 822|0x000000076b600000, 0x000000076b800000, 0x000000076b800000|100%|HC|  |TAMS 0x000000076b600000| PB 0x000000076b600000| Complete 
| 823|0x000000076b800000, 0x000000076ba00000, 0x000000076ba00000|100%|HC|  |TAMS 0x000000076b800000| PB 0x000000076b800000| Complete 
| 824|0x000000076ba00000, 0x000000076bc00000, 0x000000076bc00000|100%|HC|  |TAMS 0x000000076ba00000| PB 0x000000076ba00000| Complete 
| 825|0x000000076bc00000, 0x000000076be00000, 0x000000076be00000|100%|HC|  |TAMS 0x000000076bc00000| PB 0x000000076bc00000| Complete 
| 826|0x000000076be00000, 0x000000076c000000, 0x000000076c000000|100%|HC|  |TAMS 0x000000076be00000| PB 0x000000076be00000| Complete 
| 827|0x000000076c000000, 0x000000076c200000, 0x000000076c200000|100%|HC|  |TAMS 0x000000076c000000| PB 0x000000076c000000| Complete 
| 828|0x000000076c200000, 0x000000076c400000, 0x000000076c400000|100%|HC|  |TAMS 0x000000076c200000| PB 0x000000076c200000| Complete 
| 829|0x000000076c400000, 0x000000076c600000, 0x000000076c600000|100%|HC|  |TAMS 0x000000076c400000| PB 0x000000076c400000| Complete 
| 830|0x000000076c600000, 0x000000076c800000, 0x000000076c800000|100%|HC|  |TAMS 0x000000076c600000| PB 0x000000076c600000| Complete 
| 831|0x000000076c800000, 0x000000076ca00000, 0x000000076ca00000|100%|HC|  |TAMS 0x000000076c800000| PB 0x000000076c800000| Complete 
| 832|0x000000076ca00000, 0x000000076cc00000, 0x000000076cc00000|100%|HC|  |TAMS 0x000000076ca00000| PB 0x000000076ca00000| Complete 
| 833|0x000000076cc00000, 0x000000076ce00000, 0x000000076ce00000|100%|HC|  |TAMS 0x000000076cc00000| PB 0x000000076cc00000| Complete 
| 834|0x000000076ce00000, 0x000000076d000000, 0x000000076d000000|100%|HC|  |TAMS 0x000000076ce00000| PB 0x000000076ce00000| Complete 
| 835|0x000000076d000000, 0x000000076d200000, 0x000000076d200000|100%|HC|  |TAMS 0x000000076d000000| PB 0x000000076d000000| Complete 
| 836|0x000000076d200000, 0x000000076d400000, 0x000000076d400000|100%|HC|  |TAMS 0x000000076d200000| PB 0x000000076d200000| Complete 
| 837|0x000000076d400000, 0x000000076d600000, 0x000000076d600000|100%|HC|  |TAMS 0x000000076d400000| PB 0x000000076d400000| Complete 
| 838|0x000000076d600000, 0x000000076d800000, 0x000000076d800000|100%|HC|  |TAMS 0x000000076d600000| PB 0x000000076d600000| Complete 
| 839|0x000000076d800000, 0x000000076da00000, 0x000000076da00000|100%|HC|  |TAMS 0x000000076d800000| PB 0x000000076d800000| Complete 
| 840|0x000000076da00000, 0x000000076dc00000, 0x000000076dc00000|100%|HC|  |TAMS 0x000000076da00000| PB 0x000000076da00000| Complete 
| 841|0x000000076dc00000, 0x000000076de00000, 0x000000076de00000|100%|HC|  |TAMS 0x000000076dc00000| PB 0x000000076dc00000| Complete 
| 842|0x000000076de00000, 0x000000076e000000, 0x000000076e000000|100%|HC|  |TAMS 0x000000076de00000| PB 0x000000076de00000| Complete 
| 843|0x000000076e000000, 0x000000076e200000, 0x000000076e200000|100%|HC|  |TAMS 0x000000076e000000| PB 0x000000076e000000| Complete 
| 844|0x000000076e200000, 0x000000076e400000, 0x000000076e400000|100%|HC|  |TAMS 0x000000076e200000| PB 0x000000076e200000| Complete 
| 845|0x000000076e400000, 0x000000076e600000, 0x000000076e600000|100%|HC|  |TAMS 0x000000076e400000| PB 0x000000076e400000| Complete 
| 846|0x000000076e600000, 0x000000076e800000, 0x000000076e800000|100%|HC|  |TAMS 0x000000076e600000| PB 0x000000076e600000| Complete 
| 847|0x000000076e800000, 0x000000076ea00000, 0x000000076ea00000|100%|HC|  |TAMS 0x000000076e800000| PB 0x000000076e800000| Complete 
| 848|0x000000076ea00000, 0x000000076ec00000, 0x000000076ec00000|100%|HC|  |TAMS 0x000000076ea00000| PB 0x000000076ea00000| Complete 
| 849|0x000000076ec00000, 0x000000076ee00000, 0x000000076ee00000|100%|HC|  |TAMS 0x000000076ec00000| PB 0x000000076ec00000| Complete 
| 850|0x000000076ee00000, 0x000000076f000000, 0x000000076f000000|100%|HC|  |TAMS 0x000000076ee00000| PB 0x000000076ee00000| Complete 
| 851|0x000000076f000000, 0x000000076f200000, 0x000000076f200000|100%|HC|  |TAMS 0x000000076f000000| PB 0x000000076f000000| Complete 
| 852|0x000000076f200000, 0x000000076f400000, 0x000000076f400000|100%|HC|  |TAMS 0x000000076f200000| PB 0x000000076f200000| Complete 
| 853|0x000000076f400000, 0x000000076f600000, 0x000000076f600000|100%|HC|  |TAMS 0x000000076f400000| PB 0x000000076f400000| Complete 
| 854|0x000000076f600000, 0x000000076f800000, 0x000000076f800000|100%|HC|  |TAMS 0x000000076f600000| PB 0x000000076f600000| Complete 
| 855|0x000000076f800000, 0x000000076fa00000, 0x000000076fa00000|100%|HC|  |TAMS 0x000000076f800000| PB 0x000000076f800000| Complete 
| 856|0x000000076fa00000, 0x000000076fc00000, 0x000000076fc00000|100%|HC|  |TAMS 0x000000076fa00000| PB 0x000000076fa00000| Complete 
| 857|0x000000076fc00000, 0x000000076fe00000, 0x000000076fe00000|100%|HC|  |TAMS 0x000000076fc00000| PB 0x000000076fc00000| Complete 
| 858|0x000000076fe00000, 0x0000000770000000, 0x0000000770000000|100%|HC|  |TAMS 0x000000076fe00000| PB 0x000000076fe00000| Complete 
| 859|0x0000000770000000, 0x0000000770200000, 0x0000000770200000|100%|HC|  |TAMS 0x0000000770000000| PB 0x0000000770000000| Complete 
| 860|0x0000000770200000, 0x0000000770400000, 0x0000000770400000|100%|HC|  |TAMS 0x0000000770200000| PB 0x0000000770200000| Complete 
| 861|0x0000000770400000, 0x0000000770600000, 0x0000000770600000|100%|HC|  |TAMS 0x0000000770400000| PB 0x0000000770400000| Complete 
| 862|0x0000000770600000, 0x0000000770800000, 0x0000000770800000|100%|HC|  |TAMS 0x0000000770600000| PB 0x0000000770600000| Complete 
| 863|0x0000000770800000, 0x0000000770a00000, 0x0000000770a00000|100%|HC|  |TAMS 0x0000000770800000| PB 0x0000000770800000| Complete 
| 864|0x0000000770a00000, 0x0000000770c00000, 0x0000000770c00000|100%|HC|  |TAMS 0x0000000770a00000| PB 0x0000000770a00000| Complete 
| 865|0x0000000770c00000, 0x0000000770e00000, 0x0000000770e00000|100%|HC|  |TAMS 0x0000000770c00000| PB 0x0000000770c00000| Complete 
| 866|0x0000000770e00000, 0x0000000771000000, 0x0000000771000000|100%|HC|  |TAMS 0x0000000770e00000| PB 0x0000000770e00000| Complete 
| 867|0x0000000771000000, 0x0000000771200000, 0x0000000771200000|100%|HC|  |TAMS 0x0000000771000000| PB 0x0000000771000000| Complete 
| 868|0x0000000771200000, 0x0000000771400000, 0x0000000771400000|100%|HC|  |TAMS 0x0000000771200000| PB 0x0000000771200000| Complete 
| 869|0x0000000771400000, 0x0000000771600000, 0x0000000771600000|100%|HC|  |TAMS 0x0000000771400000| PB 0x0000000771400000| Complete 
| 870|0x0000000771600000, 0x0000000771800000, 0x0000000771800000|100%|HC|  |TAMS 0x0000000771600000| PB 0x0000000771600000| Complete 
| 871|0x0000000771800000, 0x0000000771a00000, 0x0000000771a00000|100%|HC|  |TAMS 0x0000000771800000| PB 0x0000000771800000| Complete 
| 872|0x0000000771a00000, 0x0000000771c00000, 0x0000000771c00000|100%|HC|  |TAMS 0x0000000771a00000| PB 0x0000000771a00000| Complete 
| 873|0x0000000771c00000, 0x0000000771e00000, 0x0000000771e00000|100%|HC|  |TAMS 0x0000000771c00000| PB 0x0000000771c00000| Complete 
| 874|0x0000000771e00000, 0x0000000772000000, 0x0000000772000000|100%|HC|  |TAMS 0x0000000771e00000| PB 0x0000000771e00000| Complete 
| 875|0x0000000772000000, 0x0000000772200000, 0x0000000772200000|100%|HC|  |TAMS 0x0000000772000000| PB 0x0000000772000000| Complete 
| 876|0x0000000772200000, 0x0000000772400000, 0x0000000772400000|100%|HC|  |TAMS 0x0000000772200000| PB 0x0000000772200000| Complete 
| 877|0x0000000772400000, 0x0000000772600000, 0x0000000772600000|100%|HC|  |TAMS 0x0000000772400000| PB 0x0000000772400000| Complete 
| 878|0x0000000772600000, 0x0000000772800000, 0x0000000772800000|100%|HC|  |TAMS 0x0000000772600000| PB 0x0000000772600000| Complete 
| 879|0x0000000772800000, 0x0000000772a00000, 0x0000000772a00000|100%|HC|  |TAMS 0x0000000772800000| PB 0x0000000772800000| Complete 
| 880|0x0000000772a00000, 0x0000000772c00000, 0x0000000772c00000|100%|HC|  |TAMS 0x0000000772a00000| PB 0x0000000772a00000| Complete 
| 881|0x0000000772c00000, 0x0000000772e00000, 0x0000000772e00000|100%|HC|  |TAMS 0x0000000772c00000| PB 0x0000000772c00000| Complete 
| 882|0x0000000772e00000, 0x0000000773000000, 0x0000000773000000|100%|HC|  |TAMS 0x0000000772e00000| PB 0x0000000772e00000| Complete 
| 883|0x0000000773000000, 0x0000000773200000, 0x0000000773200000|100%|HC|  |TAMS 0x0000000773000000| PB 0x0000000773000000| Complete 
| 884|0x0000000773200000, 0x0000000773400000, 0x0000000773400000|100%|HC|  |TAMS 0x0000000773200000| PB 0x0000000773200000| Complete 
| 885|0x0000000773400000, 0x0000000773600000, 0x0000000773600000|100%|HC|  |TAMS 0x0000000773400000| PB 0x0000000773400000| Complete 
| 886|0x0000000773600000, 0x0000000773800000, 0x0000000773800000|100%|HC|  |TAMS 0x0000000773600000| PB 0x0000000773600000| Complete 
| 887|0x0000000773800000, 0x0000000773a00000, 0x0000000773a00000|100%|HC|  |TAMS 0x0000000773800000| PB 0x0000000773800000| Complete 
| 888|0x0000000773a00000, 0x0000000773c00000, 0x0000000773c00000|100%|HC|  |TAMS 0x0000000773a00000| PB 0x0000000773a00000| Complete 
| 889|0x0000000773c00000, 0x0000000773e00000, 0x0000000773e00000|100%|HC|  |TAMS 0x0000000773c00000| PB 0x0000000773c00000| Complete 
| 890|0x0000000773e00000, 0x0000000774000000, 0x0000000774000000|100%|HC|  |TAMS 0x0000000773e00000| PB 0x0000000773e00000| Complete 
| 891|0x0000000774000000, 0x0000000774200000, 0x0000000774200000|100%|HC|  |TAMS 0x0000000774000000| PB 0x0000000774000000| Complete 
| 892|0x0000000774200000, 0x0000000774400000, 0x0000000774400000|100%|HC|  |TAMS 0x0000000774200000| PB 0x0000000774200000| Complete 
| 893|0x0000000774400000, 0x0000000774600000, 0x0000000774600000|100%|HC|  |TAMS 0x0000000774400000| PB 0x0000000774400000| Complete 
| 894|0x0000000774600000, 0x0000000774800000, 0x0000000774800000|100%|HC|  |TAMS 0x0000000774600000| PB 0x0000000774600000| Complete 
| 895|0x0000000774800000, 0x0000000774a00000, 0x0000000774a00000|100%|HC|  |TAMS 0x0000000774800000| PB 0x0000000774800000| Complete 
| 896|0x0000000774a00000, 0x0000000774c00000, 0x0000000774c00000|100%|HC|  |TAMS 0x0000000774a00000| PB 0x0000000774a00000| Complete 
| 897|0x0000000774c00000, 0x0000000774e00000, 0x0000000774e00000|100%|HC|  |TAMS 0x0000000774c00000| PB 0x0000000774c00000| Complete 
| 898|0x0000000774e00000, 0x0000000775000000, 0x0000000775000000|100%|HC|  |TAMS 0x0000000774e00000| PB 0x0000000774e00000| Complete 
| 899|0x0000000775000000, 0x0000000775200000, 0x0000000775200000|100%|HC|  |TAMS 0x0000000775000000| PB 0x0000000775000000| Complete 
| 900|0x0000000775200000, 0x0000000775400000, 0x0000000775400000|100%|HC|  |TAMS 0x0000000775200000| PB 0x0000000775200000| Complete 
| 901|0x0000000775400000, 0x0000000775600000, 0x0000000775600000|100%|HC|  |TAMS 0x0000000775400000| PB 0x0000000775400000| Complete 
| 902|0x0000000775600000, 0x0000000775800000, 0x0000000775800000|100%|HC|  |TAMS 0x0000000775600000| PB 0x0000000775600000| Complete 
| 903|0x0000000775800000, 0x0000000775a00000, 0x0000000775a00000|100%|HC|  |TAMS 0x0000000775800000| PB 0x0000000775800000| Complete 
| 904|0x0000000775a00000, 0x0000000775c00000, 0x0000000775c00000|100%|HC|  |TAMS 0x0000000775a00000| PB 0x0000000775a00000| Complete 
| 905|0x0000000775c00000, 0x0000000775e00000, 0x0000000775e00000|100%|HC|  |TAMS 0x0000000775c00000| PB 0x0000000775c00000| Complete 
| 906|0x0000000775e00000, 0x0000000776000000, 0x0000000776000000|100%|HC|  |TAMS 0x0000000775e00000| PB 0x0000000775e00000| Complete 
| 907|0x0000000776000000, 0x0000000776200000, 0x0000000776200000|100%|HC|  |TAMS 0x0000000776000000| PB 0x0000000776000000| Complete 
| 908|0x0000000776200000, 0x0000000776400000, 0x0000000776400000|100%|HC|  |TAMS 0x0000000776200000| PB 0x0000000776200000| Complete 
| 909|0x0000000776400000, 0x0000000776600000, 0x0000000776600000|100%|HC|  |TAMS 0x0000000776400000| PB 0x0000000776400000| Complete 
| 910|0x0000000776600000, 0x0000000776800000, 0x0000000776800000|100%|HC|  |TAMS 0x0000000776600000| PB 0x0000000776600000| Complete 
| 911|0x0000000776800000, 0x0000000776a00000, 0x0000000776a00000|100%|HC|  |TAMS 0x0000000776800000| PB 0x0000000776800000| Complete 
| 912|0x0000000776a00000, 0x0000000776c00000, 0x0000000776c00000|100%|HC|  |TAMS 0x0000000776a00000| PB 0x0000000776a00000| Complete 
| 913|0x0000000776c00000, 0x0000000776e00000, 0x0000000776e00000|100%|HC|  |TAMS 0x0000000776c00000| PB 0x0000000776c00000| Complete 
| 914|0x0000000776e00000, 0x0000000777000000, 0x0000000777000000|100%|HC|  |TAMS 0x0000000776e00000| PB 0x0000000776e00000| Complete 
| 915|0x0000000777000000, 0x0000000777200000, 0x0000000777200000|100%|HC|  |TAMS 0x0000000777000000| PB 0x0000000777000000| Complete 
| 916|0x0000000777200000, 0x0000000777400000, 0x0000000777400000|100%|HC|  |TAMS 0x0000000777200000| PB 0x0000000777200000| Complete 
| 917|0x0000000777400000, 0x0000000777600000, 0x0000000777600000|100%|HC|  |TAMS 0x0000000777400000| PB 0x0000000777400000| Complete 
| 918|0x0000000777600000, 0x0000000777800000, 0x0000000777800000|100%|HC|  |TAMS 0x0000000777600000| PB 0x0000000777600000| Complete 
| 919|0x0000000777800000, 0x0000000777a00000, 0x0000000777a00000|100%|HC|  |TAMS 0x0000000777800000| PB 0x0000000777800000| Complete 
| 920|0x0000000777a00000, 0x0000000777c00000, 0x0000000777c00000|100%|HC|  |TAMS 0x0000000777a00000| PB 0x0000000777a00000| Complete 
| 921|0x0000000777c00000, 0x0000000777e00000, 0x0000000777e00000|100%|HC|  |TAMS 0x0000000777c00000| PB 0x0000000777c00000| Complete 
| 922|0x0000000777e00000, 0x0000000778000000, 0x0000000778000000|100%|HC|  |TAMS 0x0000000777e00000| PB 0x0000000777e00000| Complete 
| 923|0x0000000778000000, 0x0000000778200000, 0x0000000778200000|100%|HC|  |TAMS 0x0000000778000000| PB 0x0000000778000000| Complete 
| 924|0x0000000778200000, 0x0000000778400000, 0x0000000778400000|100%|HC|  |TAMS 0x0000000778200000| PB 0x0000000778200000| Complete 
| 925|0x0000000778400000, 0x0000000778600000, 0x0000000778600000|100%|HC|  |TAMS 0x0000000778400000| PB 0x0000000778400000| Complete 
| 926|0x0000000778600000, 0x0000000778800000, 0x0000000778800000|100%|HC|  |TAMS 0x0000000778600000| PB 0x0000000778600000| Complete 
| 927|0x0000000778800000, 0x0000000778a00000, 0x0000000778a00000|100%|HC|  |TAMS 0x0000000778800000| PB 0x0000000778800000| Complete 
| 928|0x0000000778a00000, 0x0000000778c00000, 0x0000000778c00000|100%|HC|  |TAMS 0x0000000778a00000| PB 0x0000000778a00000| Complete 
| 929|0x0000000778c00000, 0x0000000778e00000, 0x0000000778e00000|100%|HC|  |TAMS 0x0000000778c00000| PB 0x0000000778c00000| Complete 
| 930|0x0000000778e00000, 0x0000000779000000, 0x0000000779000000|100%|HC|  |TAMS 0x0000000778e00000| PB 0x0000000778e00000| Complete 
| 931|0x0000000779000000, 0x0000000779200000, 0x0000000779200000|100%|HC|  |TAMS 0x0000000779000000| PB 0x0000000779000000| Complete 
| 932|0x0000000779200000, 0x0000000779400000, 0x0000000779400000|100%|HC|  |TAMS 0x0000000779200000| PB 0x0000000779200000| Complete 
| 933|0x0000000779400000, 0x0000000779600000, 0x0000000779600000|100%|HC|  |TAMS 0x0000000779400000| PB 0x0000000779400000| Complete 
| 934|0x0000000779600000, 0x0000000779800000, 0x0000000779800000|100%|HC|  |TAMS 0x0000000779600000| PB 0x0000000779600000| Complete 
| 935|0x0000000779800000, 0x0000000779a00000, 0x0000000779a00000|100%|HC|  |TAMS 0x0000000779800000| PB 0x0000000779800000| Complete 
| 936|0x0000000779a00000, 0x0000000779c00000, 0x0000000779c00000|100%|HC|  |TAMS 0x0000000779a00000| PB 0x0000000779a00000| Complete 
| 937|0x0000000779c00000, 0x0000000779e00000, 0x0000000779e00000|100%|HC|  |TAMS 0x0000000779c00000| PB 0x0000000779c00000| Complete 
| 938|0x0000000779e00000, 0x000000077a000000, 0x000000077a000000|100%|HC|  |TAMS 0x0000000779e00000| PB 0x0000000779e00000| Complete 
| 939|0x000000077a000000, 0x000000077a200000, 0x000000077a200000|100%|HC|  |TAMS 0x000000077a000000| PB 0x000000077a000000| Complete 
| 940|0x000000077a200000, 0x000000077a400000, 0x000000077a400000|100%|HC|  |TAMS 0x000000077a200000| PB 0x000000077a200000| Complete 
| 941|0x000000077a400000, 0x000000077a600000, 0x000000077a600000|100%|HC|  |TAMS 0x000000077a400000| PB 0x000000077a400000| Complete 
| 942|0x000000077a600000, 0x000000077a800000, 0x000000077a800000|100%|HC|  |TAMS 0x000000077a600000| PB 0x000000077a600000| Complete 
| 943|0x000000077a800000, 0x000000077aa00000, 0x000000077aa00000|100%|HC|  |TAMS 0x000000077a800000| PB 0x000000077a800000| Complete 
| 944|0x000000077aa00000, 0x000000077ac00000, 0x000000077ac00000|100%|HC|  |TAMS 0x000000077aa00000| PB 0x000000077aa00000| Complete 
| 945|0x000000077ac00000, 0x000000077ae00000, 0x000000077ae00000|100%|HC|  |TAMS 0x000000077ac00000| PB 0x000000077ac00000| Complete 
| 946|0x000000077ae00000, 0x000000077b000000, 0x000000077b000000|100%|HC|  |TAMS 0x000000077ae00000| PB 0x000000077ae00000| Complete 
| 947|0x000000077b000000, 0x000000077b200000, 0x000000077b200000|100%|HC|  |TAMS 0x000000077b000000| PB 0x000000077b000000| Complete 
| 948|0x000000077b200000, 0x000000077b400000, 0x000000077b400000|100%|HC|  |TAMS 0x000000077b200000| PB 0x000000077b200000| Complete 
| 949|0x000000077b400000, 0x000000077b600000, 0x000000077b600000|100%|HC|  |TAMS 0x000000077b400000| PB 0x000000077b400000| Complete 
| 950|0x000000077b600000, 0x000000077b800000, 0x000000077b800000|100%|HC|  |TAMS 0x000000077b600000| PB 0x000000077b600000| Complete 
| 951|0x000000077b800000, 0x000000077ba00000, 0x000000077ba00000|100%|HC|  |TAMS 0x000000077b800000| PB 0x000000077b800000| Complete 
| 952|0x000000077ba00000, 0x000000077bc00000, 0x000000077bc00000|100%|HC|  |TAMS 0x000000077ba00000| PB 0x000000077ba00000| Complete 
| 953|0x000000077bc00000, 0x000000077be00000, 0x000000077be00000|100%|HC|  |TAMS 0x000000077bc00000| PB 0x000000077bc00000| Complete 
| 954|0x000000077be00000, 0x000000077c000000, 0x000000077c000000|100%|HC|  |TAMS 0x000000077be00000| PB 0x000000077be00000| Complete 
| 955|0x000000077c000000, 0x000000077c200000, 0x000000077c200000|100%|HC|  |TAMS 0x000000077c000000| PB 0x000000077c000000| Complete 
| 956|0x000000077c200000, 0x000000077c400000, 0x000000077c400000|100%|HC|  |TAMS 0x000000077c200000| PB 0x000000077c200000| Complete 
| 957|0x000000077c400000, 0x000000077c600000, 0x000000077c600000|100%|HC|  |TAMS 0x000000077c400000| PB 0x000000077c400000| Complete 
| 958|0x000000077c600000, 0x000000077c800000, 0x000000077c800000|100%|HC|  |TAMS 0x000000077c600000| PB 0x000000077c600000| Complete 
| 959|0x000000077c800000, 0x000000077ca00000, 0x000000077ca00000|100%|HC|  |TAMS 0x000000077c800000| PB 0x000000077c800000| Complete 
| 960|0x000000077ca00000, 0x000000077cc00000, 0x000000077cc00000|100%|HC|  |TAMS 0x000000077ca00000| PB 0x000000077ca00000| Complete 
| 961|0x000000077cc00000, 0x000000077ce00000, 0x000000077ce00000|100%|HC|  |TAMS 0x000000077cc00000| PB 0x000000077cc00000| Complete 
| 962|0x000000077ce00000, 0x000000077d000000, 0x000000077d000000|100%|HC|  |TAMS 0x000000077ce00000| PB 0x000000077ce00000| Complete 
| 963|0x000000077d000000, 0x000000077d200000, 0x000000077d200000|100%|HC|  |TAMS 0x000000077d000000| PB 0x000000077d000000| Complete 
| 964|0x000000077d200000, 0x000000077d400000, 0x000000077d400000|100%|HC|  |TAMS 0x000000077d200000| PB 0x000000077d200000| Complete 
| 965|0x000000077d400000, 0x000000077d600000, 0x000000077d600000|100%|HC|  |TAMS 0x000000077d400000| PB 0x000000077d400000| Complete 
| 966|0x000000077d600000, 0x000000077d800000, 0x000000077d800000|100%|HC|  |TAMS 0x000000077d600000| PB 0x000000077d600000| Complete 
| 967|0x000000077d800000, 0x000000077da00000, 0x000000077da00000|100%|HC|  |TAMS 0x000000077d800000| PB 0x000000077d800000| Complete 
| 968|0x000000077da00000, 0x000000077dc00000, 0x000000077dc00000|100%|HC|  |TAMS 0x000000077da00000| PB 0x000000077da00000| Complete 
| 969|0x000000077dc00000, 0x000000077de00000, 0x000000077de00000|100%|HC|  |TAMS 0x000000077dc00000| PB 0x000000077dc00000| Complete 
| 970|0x000000077de00000, 0x000000077e000000, 0x000000077e000000|100%|HC|  |TAMS 0x000000077de00000| PB 0x000000077de00000| Complete 
| 971|0x000000077e000000, 0x000000077e200000, 0x000000077e200000|100%|HS|  |TAMS 0x000000077e000000| PB 0x000000077e000000| Complete 
| 972|0x000000077e200000, 0x000000077e400000, 0x000000077e400000|100%|HC|  |TAMS 0x000000077e200000| PB 0x000000077e200000| Complete 
| 973|0x000000077e400000, 0x000000077e600000, 0x000000077e600000|100%|HC|  |TAMS 0x000000077e400000| PB 0x000000077e400000| Complete 
| 974|0x000000077e600000, 0x000000077e800000, 0x000000077e800000|100%|HC|  |TAMS 0x000000077e600000| PB 0x000000077e600000| Complete 
| 975|0x000000077e800000, 0x000000077ea00000, 0x000000077ea00000|100%|HC|  |TAMS 0x000000077e800000| PB 0x000000077e800000| Complete 
| 976|0x000000077ea00000, 0x000000077ec00000, 0x000000077ec00000|100%|HC|  |TAMS 0x000000077ea00000| PB 0x000000077ea00000| Complete 
| 977|0x000000077ec00000, 0x000000077ee00000, 0x000000077ee00000|100%|HC|  |TAMS 0x000000077ec00000| PB 0x000000077ec00000| Complete 
| 978|0x000000077ee00000, 0x000000077f000000, 0x000000077f000000|100%|HC|  |TAMS 0x000000077ee00000| PB 0x000000077ee00000| Complete 
| 979|0x000000077f000000, 0x000000077f200000, 0x000000077f200000|100%|HC|  |TAMS 0x000000077f000000| PB 0x000000077f000000| Complete 
| 980|0x000000077f200000, 0x000000077f400000, 0x000000077f400000|100%|HC|  |TAMS 0x000000077f200000| PB 0x000000077f200000| Complete 
| 981|0x000000077f400000, 0x000000077f600000, 0x000000077f600000|100%|HC|  |TAMS 0x000000077f400000| PB 0x000000077f400000| Complete 
| 982|0x000000077f600000, 0x000000077f800000, 0x000000077f800000|100%|HC|  |TAMS 0x000000077f600000| PB 0x000000077f600000| Complete 
| 983|0x000000077f800000, 0x000000077fa00000, 0x000000077fa00000|100%|HC|  |TAMS 0x000000077f800000| PB 0x000000077f800000| Complete 
| 984|0x000000077fa00000, 0x000000077fc00000, 0x000000077fc00000|100%|HC|  |TAMS 0x000000077fa00000| PB 0x000000077fa00000| Complete 
| 985|0x000000077fc00000, 0x000000077fe00000, 0x000000077fe00000|100%|HC|  |TAMS 0x000000077fc00000| PB 0x000000077fc00000| Complete 
| 986|0x000000077fe00000, 0x0000000780000000, 0x0000000780000000|100%|HC|  |TAMS 0x000000077fe00000| PB 0x000000077fe00000| Complete 
| 987|0x0000000780000000, 0x0000000780200000, 0x0000000780200000|100%|HC|  |TAMS 0x0000000780000000| PB 0x0000000780000000| Complete 
| 988|0x0000000780200000, 0x0000000780400000, 0x0000000780400000|100%|HC|  |TAMS 0x0000000780200000| PB 0x0000000780200000| Complete 
| 989|0x0000000780400000, 0x0000000780600000, 0x0000000780600000|100%|HC|  |TAMS 0x0000000780400000| PB 0x0000000780400000| Complete 
| 990|0x0000000780600000, 0x0000000780800000, 0x0000000780800000|100%|HC|  |TAMS 0x0000000780600000| PB 0x0000000780600000| Complete 
| 991|0x0000000780800000, 0x0000000780a00000, 0x0000000780a00000|100%|HC|  |TAMS 0x0000000780800000| PB 0x0000000780800000| Complete 
| 992|0x0000000780a00000, 0x0000000780c00000, 0x0000000780c00000|100%|HC|  |TAMS 0x0000000780a00000| PB 0x0000000780a00000| Complete 
| 993|0x0000000780c00000, 0x0000000780e00000, 0x0000000780e00000|100%|HC|  |TAMS 0x0000000780c00000| PB 0x0000000780c00000| Complete 
| 994|0x0000000780e00000, 0x0000000781000000, 0x0000000781000000|100%|HC|  |TAMS 0x0000000780e00000| PB 0x0000000780e00000| Complete 
| 995|0x0000000781000000, 0x0000000781200000, 0x0000000781200000|100%|HC|  |TAMS 0x0000000781000000| PB 0x0000000781000000| Complete 
| 996|0x0000000781200000, 0x0000000781400000, 0x0000000781400000|100%|HC|  |TAMS 0x0000000781200000| PB 0x0000000781200000| Complete 
| 997|0x0000000781400000, 0x0000000781600000, 0x0000000781600000|100%|HC|  |TAMS 0x0000000781400000| PB 0x0000000781400000| Complete 
| 998|0x0000000781600000, 0x0000000781800000, 0x0000000781800000|100%|HC|  |TAMS 0x0000000781600000| PB 0x0000000781600000| Complete 
| 999|0x0000000781800000, 0x0000000781a00000, 0x0000000781a00000|100%|HC|  |TAMS 0x0000000781800000| PB 0x0000000781800000| Complete 
|1000|0x0000000781a00000, 0x0000000781c00000, 0x0000000781c00000|100%|HC|  |TAMS 0x0000000781a00000| PB 0x0000000781a00000| Complete 
|1001|0x0000000781c00000, 0x0000000781e00000, 0x0000000781e00000|100%|HC|  |TAMS 0x0000000781c00000| PB 0x0000000781c00000| Complete 
|1002|0x0000000781e00000, 0x0000000782000000, 0x0000000782000000|100%|HC|  |TAMS 0x0000000781e00000| PB 0x0000000781e00000| Complete 
|1003|0x0000000782000000, 0x0000000782200000, 0x0000000782200000|100%|HC|  |TAMS 0x0000000782000000| PB 0x0000000782000000| Complete 
|1004|0x0000000782200000, 0x0000000782400000, 0x0000000782400000|100%|HC|  |TAMS 0x0000000782200000| PB 0x0000000782200000| Complete 
|1005|0x0000000782400000, 0x0000000782600000, 0x0000000782600000|100%|HC|  |TAMS 0x0000000782400000| PB 0x0000000782400000| Complete 
|1006|0x0000000782600000, 0x0000000782800000, 0x0000000782800000|100%|HC|  |TAMS 0x0000000782600000| PB 0x0000000782600000| Complete 
|1007|0x0000000782800000, 0x0000000782a00000, 0x0000000782a00000|100%|HC|  |TAMS 0x0000000782800000| PB 0x0000000782800000| Complete 
|1008|0x0000000782a00000, 0x0000000782c00000, 0x0000000782c00000|100%|HC|  |TAMS 0x0000000782a00000| PB 0x0000000782a00000| Complete 
|1009|0x0000000782c00000, 0x0000000782e00000, 0x0000000782e00000|100%|HC|  |TAMS 0x0000000782c00000| PB 0x0000000782c00000| Complete 
|1010|0x0000000782e00000, 0x0000000783000000, 0x0000000783000000|100%|HC|  |TAMS 0x0000000782e00000| PB 0x0000000782e00000| Complete 
|1011|0x0000000783000000, 0x0000000783200000, 0x0000000783200000|100%|HC|  |TAMS 0x0000000783000000| PB 0x0000000783000000| Complete 
|1012|0x0000000783200000, 0x0000000783400000, 0x0000000783400000|100%|HC|  |TAMS 0x0000000783200000| PB 0x0000000783200000| Complete 
|1013|0x0000000783400000, 0x0000000783600000, 0x0000000783600000|100%|HC|  |TAMS 0x0000000783400000| PB 0x0000000783400000| Complete 
|1014|0x0000000783600000, 0x0000000783800000, 0x0000000783800000|100%|HC|  |TAMS 0x0000000783600000| PB 0x0000000783600000| Complete 
|1015|0x0000000783800000, 0x0000000783a00000, 0x0000000783a00000|100%|HC|  |TAMS 0x0000000783800000| PB 0x0000000783800000| Complete 
|1016|0x0000000783a00000, 0x0000000783c00000, 0x0000000783c00000|100%|HC|  |TAMS 0x0000000783a00000| PB 0x0000000783a00000| Complete 
|1017|0x0000000783c00000, 0x0000000783e00000, 0x0000000783e00000|100%|HC|  |TAMS 0x0000000783c00000| PB 0x0000000783c00000| Complete 
|1018|0x0000000783e00000, 0x0000000784000000, 0x0000000784000000|100%|HC|  |TAMS 0x0000000783e00000| PB 0x0000000783e00000| Complete 
|1019|0x0000000784000000, 0x0000000784200000, 0x0000000784200000|100%|HC|  |TAMS 0x0000000784000000| PB 0x0000000784000000| Complete 
|1020|0x0000000784200000, 0x0000000784400000, 0x0000000784400000|100%|HC|  |TAMS 0x0000000784200000| PB 0x0000000784200000| Complete 
|1021|0x0000000784400000, 0x0000000784600000, 0x0000000784600000|100%|HC|  |TAMS 0x0000000784400000| PB 0x0000000784400000| Complete 
|1022|0x0000000784600000, 0x0000000784800000, 0x0000000784800000|100%|HC|  |TAMS 0x0000000784600000| PB 0x0000000784600000| Complete 
|1023|0x0000000784800000, 0x0000000784a00000, 0x0000000784a00000|100%|HC|  |TAMS 0x0000000784800000| PB 0x0000000784800000| Complete 
|1024|0x0000000784a00000, 0x0000000784c00000, 0x0000000784c00000|100%|HC|  |TAMS 0x0000000784a00000| PB 0x0000000784a00000| Complete 
|1025|0x0000000784c00000, 0x0000000784e00000, 0x0000000784e00000|100%|HC|  |TAMS 0x0000000784c00000| PB 0x0000000784c00000| Complete 
|1026|0x0000000784e00000, 0x0000000785000000, 0x0000000785000000|100%|HC|  |TAMS 0x0000000784e00000| PB 0x0000000784e00000| Complete 
|1027|0x0000000785000000, 0x0000000785200000, 0x0000000785200000|100%|HC|  |TAMS 0x0000000785000000| PB 0x0000000785000000| Complete 
|1028|0x0000000785200000, 0x0000000785400000, 0x0000000785400000|100%|HC|  |TAMS 0x0000000785200000| PB 0x0000000785200000| Complete 
|1029|0x0000000785400000, 0x0000000785600000, 0x0000000785600000|100%|HC|  |TAMS 0x0000000785400000| PB 0x0000000785400000| Complete 
|1030|0x0000000785600000, 0x0000000785800000, 0x0000000785800000|100%|HC|  |TAMS 0x0000000785600000| PB 0x0000000785600000| Complete 
|1031|0x0000000785800000, 0x0000000785a00000, 0x0000000785a00000|100%|HC|  |TAMS 0x0000000785800000| PB 0x0000000785800000| Complete 
|1032|0x0000000785a00000, 0x0000000785c00000, 0x0000000785c00000|100%|HC|  |TAMS 0x0000000785a00000| PB 0x0000000785a00000| Complete 
|1033|0x0000000785c00000, 0x0000000785e00000, 0x0000000785e00000|100%|HC|  |TAMS 0x0000000785c00000| PB 0x0000000785c00000| Complete 
|1034|0x0000000785e00000, 0x0000000786000000, 0x0000000786000000|100%|HC|  |TAMS 0x0000000785e00000| PB 0x0000000785e00000| Complete 
|1035|0x0000000786000000, 0x0000000786200000, 0x0000000786200000|100%|HC|  |TAMS 0x0000000786000000| PB 0x0000000786000000| Complete 
|1036|0x0000000786200000, 0x0000000786400000, 0x0000000786400000|100%|HC|  |TAMS 0x0000000786200000| PB 0x0000000786200000| Complete 
|1037|0x0000000786400000, 0x0000000786600000, 0x0000000786600000|100%|HC|  |TAMS 0x0000000786400000| PB 0x0000000786400000| Complete 
|1038|0x0000000786600000, 0x0000000786800000, 0x0000000786800000|100%|HC|  |TAMS 0x0000000786600000| PB 0x0000000786600000| Complete 
|1039|0x0000000786800000, 0x0000000786a00000, 0x0000000786a00000|100%|HC|  |TAMS 0x0000000786800000| PB 0x0000000786800000| Complete 
|1040|0x0000000786a00000, 0x0000000786c00000, 0x0000000786c00000|100%|HC|  |TAMS 0x0000000786a00000| PB 0x0000000786a00000| Complete 
|1041|0x0000000786c00000, 0x0000000786e00000, 0x0000000786e00000|100%|HC|  |TAMS 0x0000000786c00000| PB 0x0000000786c00000| Complete 
|1042|0x0000000786e00000, 0x0000000787000000, 0x0000000787000000|100%|HC|  |TAMS 0x0000000786e00000| PB 0x0000000786e00000| Complete 
|1043|0x0000000787000000, 0x0000000787200000, 0x0000000787200000|100%|HC|  |TAMS 0x0000000787000000| PB 0x0000000787000000| Complete 
|1044|0x0000000787200000, 0x0000000787400000, 0x0000000787400000|100%|HC|  |TAMS 0x0000000787200000| PB 0x0000000787200000| Complete 
|1045|0x0000000787400000, 0x0000000787600000, 0x0000000787600000|100%|HC|  |TAMS 0x0000000787400000| PB 0x0000000787400000| Complete 
|1046|0x0000000787600000, 0x0000000787800000, 0x0000000787800000|100%|HC|  |TAMS 0x0000000787600000| PB 0x0000000787600000| Complete 
|1047|0x0000000787800000, 0x0000000787a00000, 0x0000000787a00000|100%|HC|  |TAMS 0x0000000787800000| PB 0x0000000787800000| Complete 
|1048|0x0000000787a00000, 0x0000000787c00000, 0x0000000787c00000|100%|HC|  |TAMS 0x0000000787a00000| PB 0x0000000787a00000| Complete 
|1049|0x0000000787c00000, 0x0000000787e00000, 0x0000000787e00000|100%|HC|  |TAMS 0x0000000787c00000| PB 0x0000000787c00000| Complete 
|1050|0x0000000787e00000, 0x0000000788000000, 0x0000000788000000|100%|HC|  |TAMS 0x0000000787e00000| PB 0x0000000787e00000| Complete 
|1051|0x0000000788000000, 0x0000000788200000, 0x0000000788200000|100%|HC|  |TAMS 0x0000000788000000| PB 0x0000000788000000| Complete 
|1052|0x0000000788200000, 0x0000000788400000, 0x0000000788400000|100%|HC|  |TAMS 0x0000000788200000| PB 0x0000000788200000| Complete 
|1053|0x0000000788400000, 0x0000000788600000, 0x0000000788600000|100%|HC|  |TAMS 0x0000000788400000| PB 0x0000000788400000| Complete 
|1054|0x0000000788600000, 0x0000000788800000, 0x0000000788800000|100%|HC|  |TAMS 0x0000000788600000| PB 0x0000000788600000| Complete 
|1055|0x0000000788800000, 0x0000000788a00000, 0x0000000788a00000|100%|HC|  |TAMS 0x0000000788800000| PB 0x0000000788800000| Complete 
|1056|0x0000000788a00000, 0x0000000788c00000, 0x0000000788c00000|100%|HC|  |TAMS 0x0000000788a00000| PB 0x0000000788a00000| Complete 
|1057|0x0000000788c00000, 0x0000000788e00000, 0x0000000788e00000|100%|HC|  |TAMS 0x0000000788c00000| PB 0x0000000788c00000| Complete 
|1058|0x0000000788e00000, 0x0000000789000000, 0x0000000789000000|100%|HC|  |TAMS 0x0000000788e00000| PB 0x0000000788e00000| Complete 
|1059|0x0000000789000000, 0x0000000789200000, 0x0000000789200000|100%|HC|  |TAMS 0x0000000789000000| PB 0x0000000789000000| Complete 
|1060|0x0000000789200000, 0x0000000789400000, 0x0000000789400000|100%|HC|  |TAMS 0x0000000789200000| PB 0x0000000789200000| Complete 
|1061|0x0000000789400000, 0x0000000789600000, 0x0000000789600000|100%|HC|  |TAMS 0x0000000789400000| PB 0x0000000789400000| Complete 
|1062|0x0000000789600000, 0x0000000789800000, 0x0000000789800000|100%|HC|  |TAMS 0x0000000789600000| PB 0x0000000789600000| Complete 
|1063|0x0000000789800000, 0x0000000789a00000, 0x0000000789a00000|100%|HC|  |TAMS 0x0000000789800000| PB 0x0000000789800000| Complete 
|1064|0x0000000789a00000, 0x0000000789c00000, 0x0000000789c00000|100%|HC|  |TAMS 0x0000000789a00000| PB 0x0000000789a00000| Complete 
|1065|0x0000000789c00000, 0x0000000789e00000, 0x0000000789e00000|100%|HC|  |TAMS 0x0000000789c00000| PB 0x0000000789c00000| Complete 
|1066|0x0000000789e00000, 0x000000078a000000, 0x000000078a000000|100%|HC|  |TAMS 0x0000000789e00000| PB 0x0000000789e00000| Complete 
|1067|0x000000078a000000, 0x000000078a200000, 0x000000078a200000|100%|HC|  |TAMS 0x000000078a000000| PB 0x000000078a000000| Complete 
|1068|0x000000078a200000, 0x000000078a400000, 0x000000078a400000|100%|HC|  |TAMS 0x000000078a200000| PB 0x000000078a200000| Complete 
|1069|0x000000078a400000, 0x000000078a600000, 0x000000078a600000|100%|HC|  |TAMS 0x000000078a400000| PB 0x000000078a400000| Complete 
|1070|0x000000078a600000, 0x000000078a800000, 0x000000078a800000|100%|HC|  |TAMS 0x000000078a600000| PB 0x000000078a600000| Complete 
|1071|0x000000078a800000, 0x000000078aa00000, 0x000000078aa00000|100%|HC|  |TAMS 0x000000078a800000| PB 0x000000078a800000| Complete 
|1072|0x000000078aa00000, 0x000000078ac00000, 0x000000078ac00000|100%|HC|  |TAMS 0x000000078aa00000| PB 0x000000078aa00000| Complete 
|1073|0x000000078ac00000, 0x000000078ae00000, 0x000000078ae00000|100%|HC|  |TAMS 0x000000078ac00000| PB 0x000000078ac00000| Complete 
|1074|0x000000078ae00000, 0x000000078b000000, 0x000000078b000000|100%|HC|  |TAMS 0x000000078ae00000| PB 0x000000078ae00000| Complete 
|1075|0x000000078b000000, 0x000000078b200000, 0x000000078b200000|100%|HC|  |TAMS 0x000000078b000000| PB 0x000000078b000000| Complete 
|1076|0x000000078b200000, 0x000000078b400000, 0x000000078b400000|100%|HC|  |TAMS 0x000000078b200000| PB 0x000000078b200000| Complete 
|1077|0x000000078b400000, 0x000000078b600000, 0x000000078b600000|100%|HC|  |TAMS 0x000000078b400000| PB 0x000000078b400000| Complete 
|1078|0x000000078b600000, 0x000000078b800000, 0x000000078b800000|100%|HC|  |TAMS 0x000000078b600000| PB 0x000000078b600000| Complete 
|1079|0x000000078b800000, 0x000000078ba00000, 0x000000078ba00000|100%|HC|  |TAMS 0x000000078b800000| PB 0x000000078b800000| Complete 
|1080|0x000000078ba00000, 0x000000078bc00000, 0x000000078bc00000|100%|HC|  |TAMS 0x000000078ba00000| PB 0x000000078ba00000| Complete 
|1081|0x000000078bc00000, 0x000000078be00000, 0x000000078be00000|100%|HC|  |TAMS 0x000000078bc00000| PB 0x000000078bc00000| Complete 
|1082|0x000000078be00000, 0x000000078c000000, 0x000000078c000000|100%|HC|  |TAMS 0x000000078be00000| PB 0x000000078be00000| Complete 
|1083|0x000000078c000000, 0x000000078c200000, 0x000000078c200000|100%|HC|  |TAMS 0x000000078c000000| PB 0x000000078c000000| Complete 
|1084|0x000000078c200000, 0x000000078c400000, 0x000000078c400000|100%|HC|  |TAMS 0x000000078c200000| PB 0x000000078c200000| Complete 
|1085|0x000000078c400000, 0x000000078c600000, 0x000000078c600000|100%|HC|  |TAMS 0x000000078c400000| PB 0x000000078c400000| Complete 
|1086|0x000000078c600000, 0x000000078c800000, 0x000000078c800000|100%|HC|  |TAMS 0x000000078c600000| PB 0x000000078c600000| Complete 
|1087|0x000000078c800000, 0x000000078ca00000, 0x000000078ca00000|100%|HC|  |TAMS 0x000000078c800000| PB 0x000000078c800000| Complete 
|1088|0x000000078ca00000, 0x000000078cc00000, 0x000000078cc00000|100%|HC|  |TAMS 0x000000078ca00000| PB 0x000000078ca00000| Complete 
|1089|0x000000078cc00000, 0x000000078ce00000, 0x000000078ce00000|100%|HC|  |TAMS 0x000000078cc00000| PB 0x000000078cc00000| Complete 
|1090|0x000000078ce00000, 0x000000078d000000, 0x000000078d000000|100%|HC|  |TAMS 0x000000078ce00000| PB 0x000000078ce00000| Complete 
|1091|0x000000078d000000, 0x000000078d200000, 0x000000078d200000|100%|HC|  |TAMS 0x000000078d000000| PB 0x000000078d000000| Complete 
|1092|0x000000078d200000, 0x000000078d400000, 0x000000078d400000|100%|HC|  |TAMS 0x000000078d200000| PB 0x000000078d200000| Complete 
|1093|0x000000078d400000, 0x000000078d600000, 0x000000078d600000|100%|HC|  |TAMS 0x000000078d400000| PB 0x000000078d400000| Complete 
|1094|0x000000078d600000, 0x000000078d800000, 0x000000078d800000|100%|HC|  |TAMS 0x000000078d600000| PB 0x000000078d600000| Complete 
|1095|0x000000078d800000, 0x000000078da00000, 0x000000078da00000|100%|HC|  |TAMS 0x000000078d800000| PB 0x000000078d800000| Complete 
|1096|0x000000078da00000, 0x000000078dc00000, 0x000000078dc00000|100%|HC|  |TAMS 0x000000078da00000| PB 0x000000078da00000| Complete 
|1097|0x000000078dc00000, 0x000000078de00000, 0x000000078de00000|100%|HC|  |TAMS 0x000000078dc00000| PB 0x000000078dc00000| Complete 
|1098|0x000000078de00000, 0x000000078e000000, 0x000000078e000000|100%|HC|  |TAMS 0x000000078de00000| PB 0x000000078de00000| Complete 
|1099|0x000000078e000000, 0x000000078e200000, 0x000000078e200000|100%|HC|  |TAMS 0x000000078e000000| PB 0x000000078e000000| Complete 
|1100|0x000000078e200000, 0x000000078e400000, 0x000000078e400000|100%|HC|  |TAMS 0x000000078e200000| PB 0x000000078e200000| Complete 
|1101|0x000000078e400000, 0x000000078e600000, 0x000000078e600000|100%|HC|  |TAMS 0x000000078e400000| PB 0x000000078e400000| Complete 
|1102|0x000000078e600000, 0x000000078e800000, 0x000000078e800000|100%|HC|  |TAMS 0x000000078e600000| PB 0x000000078e600000| Complete 
|1103|0x000000078e800000, 0x000000078ea00000, 0x000000078ea00000|100%|HC|  |TAMS 0x000000078e800000| PB 0x000000078e800000| Complete 
|1104|0x000000078ea00000, 0x000000078ec00000, 0x000000078ec00000|100%|HC|  |TAMS 0x000000078ea00000| PB 0x000000078ea00000| Complete 
|1105|0x000000078ec00000, 0x000000078ee00000, 0x000000078ee00000|100%|HC|  |TAMS 0x000000078ec00000| PB 0x000000078ec00000| Complete 
|1106|0x000000078ee00000, 0x000000078f000000, 0x000000078f000000|100%|HC|  |TAMS 0x000000078ee00000| PB 0x000000078ee00000| Complete 
|1107|0x000000078f000000, 0x000000078f200000, 0x000000078f200000|100%|HC|  |TAMS 0x000000078f000000| PB 0x000000078f000000| Complete 
|1108|0x000000078f200000, 0x000000078f400000, 0x000000078f400000|100%|HC|  |TAMS 0x000000078f200000| PB 0x000000078f200000| Complete 
|1109|0x000000078f400000, 0x000000078f600000, 0x000000078f600000|100%|HC|  |TAMS 0x000000078f400000| PB 0x000000078f400000| Complete 
|1110|0x000000078f600000, 0x000000078f800000, 0x000000078f800000|100%|HC|  |TAMS 0x000000078f600000| PB 0x000000078f600000| Complete 
|1111|0x000000078f800000, 0x000000078fa00000, 0x000000078fa00000|100%|HC|  |TAMS 0x000000078f800000| PB 0x000000078f800000| Complete 
|1112|0x000000078fa00000, 0x000000078fc00000, 0x000000078fc00000|100%|HC|  |TAMS 0x000000078fa00000| PB 0x000000078fa00000| Complete 
|1113|0x000000078fc00000, 0x000000078fe00000, 0x000000078fe00000|100%|HC|  |TAMS 0x000000078fc00000| PB 0x000000078fc00000| Complete 
|1114|0x000000078fe00000, 0x0000000790000000, 0x0000000790000000|100%|HC|  |TAMS 0x000000078fe00000| PB 0x000000078fe00000| Complete 
|1115|0x0000000790000000, 0x0000000790200000, 0x0000000790200000|100%|HC|  |TAMS 0x0000000790000000| PB 0x0000000790000000| Complete 
|1116|0x0000000790200000, 0x0000000790400000, 0x0000000790400000|100%|HC|  |TAMS 0x0000000790200000| PB 0x0000000790200000| Complete 
|1117|0x0000000790400000, 0x0000000790600000, 0x0000000790600000|100%|HC|  |TAMS 0x0000000790400000| PB 0x0000000790400000| Complete 
|1118|0x0000000790600000, 0x0000000790800000, 0x0000000790800000|100%|HC|  |TAMS 0x0000000790600000| PB 0x0000000790600000| Complete 
|1119|0x0000000790800000, 0x0000000790a00000, 0x0000000790a00000|100%|HC|  |TAMS 0x0000000790800000| PB 0x0000000790800000| Complete 
|1120|0x0000000790a00000, 0x0000000790c00000, 0x0000000790c00000|100%|HC|  |TAMS 0x0000000790a00000| PB 0x0000000790a00000| Complete 
|1121|0x0000000790c00000, 0x0000000790e00000, 0x0000000790e00000|100%|HC|  |TAMS 0x0000000790c00000| PB 0x0000000790c00000| Complete 
|1122|0x0000000790e00000, 0x0000000791000000, 0x0000000791000000|100%|HC|  |TAMS 0x0000000790e00000| PB 0x0000000790e00000| Complete 
|1123|0x0000000791000000, 0x0000000791200000, 0x0000000791200000|100%|HC|  |TAMS 0x0000000791000000| PB 0x0000000791000000| Complete 
|1124|0x0000000791200000, 0x0000000791400000, 0x0000000791400000|100%|HC|  |TAMS 0x0000000791200000| PB 0x0000000791200000| Complete 
|1125|0x0000000791400000, 0x0000000791600000, 0x0000000791600000|100%|HC|  |TAMS 0x0000000791400000| PB 0x0000000791400000| Complete 
|1126|0x0000000791600000, 0x0000000791800000, 0x0000000791800000|100%|HC|  |TAMS 0x0000000791600000| PB 0x0000000791600000| Complete 
|1127|0x0000000791800000, 0x0000000791a00000, 0x0000000791a00000|100%|HC|  |TAMS 0x0000000791800000| PB 0x0000000791800000| Complete 
|1128|0x0000000791a00000, 0x0000000791c00000, 0x0000000791c00000|100%|HC|  |TAMS 0x0000000791a00000| PB 0x0000000791a00000| Complete 
|1129|0x0000000791c00000, 0x0000000791e00000, 0x0000000791e00000|100%|HC|  |TAMS 0x0000000791c00000| PB 0x0000000791c00000| Complete 
|1130|0x0000000791e00000, 0x0000000792000000, 0x0000000792000000|100%|HC|  |TAMS 0x0000000791e00000| PB 0x0000000791e00000| Complete 
|1131|0x0000000792000000, 0x0000000792200000, 0x0000000792200000|100%|HC|  |TAMS 0x0000000792000000| PB 0x0000000792000000| Complete 
|1132|0x0000000792200000, 0x0000000792400000, 0x0000000792400000|100%|HC|  |TAMS 0x0000000792200000| PB 0x0000000792200000| Complete 
|1133|0x0000000792400000, 0x0000000792600000, 0x0000000792600000|100%|HC|  |TAMS 0x0000000792400000| PB 0x0000000792400000| Complete 
|1134|0x0000000792600000, 0x0000000792800000, 0x0000000792800000|100%|HC|  |TAMS 0x0000000792600000| PB 0x0000000792600000| Complete 
|1135|0x0000000792800000, 0x0000000792a00000, 0x0000000792a00000|100%|HC|  |TAMS 0x0000000792800000| PB 0x0000000792800000| Complete 
|1136|0x0000000792a00000, 0x0000000792c00000, 0x0000000792c00000|100%|HC|  |TAMS 0x0000000792a00000| PB 0x0000000792a00000| Complete 
|1137|0x0000000792c00000, 0x0000000792e00000, 0x0000000792e00000|100%|HC|  |TAMS 0x0000000792c00000| PB 0x0000000792c00000| Complete 
|1138|0x0000000792e00000, 0x0000000793000000, 0x0000000793000000|100%|HC|  |TAMS 0x0000000792e00000| PB 0x0000000792e00000| Complete 
|1139|0x0000000793000000, 0x0000000793200000, 0x0000000793200000|100%|HC|  |TAMS 0x0000000793000000| PB 0x0000000793000000| Complete 
|1140|0x0000000793200000, 0x0000000793400000, 0x0000000793400000|100%|HS|  |TAMS 0x0000000793200000| PB 0x0000000793200000| Complete 
|1141|0x0000000793400000, 0x0000000793600000, 0x0000000793600000|100%|HC|  |TAMS 0x0000000793400000| PB 0x0000000793400000| Complete 
|1142|0x0000000793600000, 0x0000000793800000, 0x0000000793800000|100%|HC|  |TAMS 0x0000000793600000| PB 0x0000000793600000| Complete 
|1143|0x0000000793800000, 0x0000000793a00000, 0x0000000793a00000|100%|HC|  |TAMS 0x0000000793800000| PB 0x0000000793800000| Complete 
|1144|0x0000000793a00000, 0x0000000793c00000, 0x0000000793c00000|100%|HC|  |TAMS 0x0000000793a00000| PB 0x0000000793a00000| Complete 
|1145|0x0000000793c00000, 0x0000000793e00000, 0x0000000793e00000|100%|HC|  |TAMS 0x0000000793c00000| PB 0x0000000793c00000| Complete 
|1146|0x0000000793e00000, 0x0000000794000000, 0x0000000794000000|100%|HC|  |TAMS 0x0000000793e00000| PB 0x0000000793e00000| Complete 
|1147|0x0000000794000000, 0x0000000794200000, 0x0000000794200000|100%|HC|  |TAMS 0x0000000794000000| PB 0x0000000794000000| Complete 
|1148|0x0000000794200000, 0x0000000794400000, 0x0000000794400000|100%|HC|  |TAMS 0x0000000794200000| PB 0x0000000794200000| Complete 
|1149|0x0000000794400000, 0x0000000794600000, 0x0000000794600000|100%|HC|  |TAMS 0x0000000794400000| PB 0x0000000794400000| Complete 
|1150|0x0000000794600000, 0x0000000794800000, 0x0000000794800000|100%|HC|  |TAMS 0x0000000794600000| PB 0x0000000794600000| Complete 
|1151|0x0000000794800000, 0x0000000794a00000, 0x0000000794a00000|100%|HC|  |TAMS 0x0000000794800000| PB 0x0000000794800000| Complete 
|1152|0x0000000794a00000, 0x0000000794c00000, 0x0000000794c00000|100%|HC|  |TAMS 0x0000000794a00000| PB 0x0000000794a00000| Complete 
|1153|0x0000000794c00000, 0x0000000794e00000, 0x0000000794e00000|100%|HC|  |TAMS 0x0000000794c00000| PB 0x0000000794c00000| Complete 
|1154|0x0000000794e00000, 0x0000000795000000, 0x0000000795000000|100%|HC|  |TAMS 0x0000000794e00000| PB 0x0000000794e00000| Complete 
|1155|0x0000000795000000, 0x0000000795200000, 0x0000000795200000|100%|HC|  |TAMS 0x0000000795000000| PB 0x0000000795000000| Complete 
|1156|0x0000000795200000, 0x0000000795400000, 0x0000000795400000|100%|HC|  |TAMS 0x0000000795200000| PB 0x0000000795200000| Complete 
|1157|0x0000000795400000, 0x0000000795600000, 0x0000000795600000|100%|HC|  |TAMS 0x0000000795400000| PB 0x0000000795400000| Complete 
|1158|0x0000000795600000, 0x0000000795800000, 0x0000000795800000|100%|HC|  |TAMS 0x0000000795600000| PB 0x0000000795600000| Complete 
|1159|0x0000000795800000, 0x0000000795a00000, 0x0000000795a00000|100%|HC|  |TAMS 0x0000000795800000| PB 0x0000000795800000| Complete 
|1160|0x0000000795a00000, 0x0000000795c00000, 0x0000000795c00000|100%|HC|  |TAMS 0x0000000795a00000| PB 0x0000000795a00000| Complete 
|1161|0x0000000795c00000, 0x0000000795e00000, 0x0000000795e00000|100%|HC|  |TAMS 0x0000000795c00000| PB 0x0000000795c00000| Complete 
|1162|0x0000000795e00000, 0x0000000796000000, 0x0000000796000000|100%|HC|  |TAMS 0x0000000795e00000| PB 0x0000000795e00000| Complete 
|1163|0x0000000796000000, 0x0000000796200000, 0x0000000796200000|100%|HC|  |TAMS 0x0000000796000000| PB 0x0000000796000000| Complete 
|1164|0x0000000796200000, 0x0000000796400000, 0x0000000796400000|100%|HC|  |TAMS 0x0000000796200000| PB 0x0000000796200000| Complete 
|1165|0x0000000796400000, 0x0000000796600000, 0x0000000796600000|100%|HC|  |TAMS 0x0000000796400000| PB 0x0000000796400000| Complete 
|1166|0x0000000796600000, 0x0000000796800000, 0x0000000796800000|100%|HC|  |TAMS 0x0000000796600000| PB 0x0000000796600000| Complete 
|1167|0x0000000796800000, 0x0000000796a00000, 0x0000000796a00000|100%|HC|  |TAMS 0x0000000796800000| PB 0x0000000796800000| Complete 
|1168|0x0000000796a00000, 0x0000000796c00000, 0x0000000796c00000|100%|HC|  |TAMS 0x0000000796a00000| PB 0x0000000796a00000| Complete 
|1169|0x0000000796c00000, 0x0000000796e00000, 0x0000000796e00000|100%|HC|  |TAMS 0x0000000796c00000| PB 0x0000000796c00000| Complete 
|1170|0x0000000796e00000, 0x0000000797000000, 0x0000000797000000|100%|HC|  |TAMS 0x0000000796e00000| PB 0x0000000796e00000| Complete 
|1171|0x0000000797000000, 0x0000000797200000, 0x0000000797200000|100%|HC|  |TAMS 0x0000000797000000| PB 0x0000000797000000| Complete 
|1172|0x0000000797200000, 0x0000000797400000, 0x0000000797400000|100%|HC|  |TAMS 0x0000000797200000| PB 0x0000000797200000| Complete 
|1173|0x0000000797400000, 0x0000000797600000, 0x0000000797600000|100%|HC|  |TAMS 0x0000000797400000| PB 0x0000000797400000| Complete 
|1174|0x0000000797600000, 0x0000000797800000, 0x0000000797800000|100%|HC|  |TAMS 0x0000000797600000| PB 0x0000000797600000| Complete 
|1175|0x0000000797800000, 0x0000000797a00000, 0x0000000797a00000|100%|HC|  |TAMS 0x0000000797800000| PB 0x0000000797800000| Complete 
|1176|0x0000000797a00000, 0x0000000797c00000, 0x0000000797c00000|100%|HC|  |TAMS 0x0000000797a00000| PB 0x0000000797a00000| Complete 
|1177|0x0000000797c00000, 0x0000000797e00000, 0x0000000797e00000|100%|HC|  |TAMS 0x0000000797c00000| PB 0x0000000797c00000| Complete 
|1178|0x0000000797e00000, 0x0000000798000000, 0x0000000798000000|100%|HC|  |TAMS 0x0000000797e00000| PB 0x0000000797e00000| Complete 
|1179|0x0000000798000000, 0x0000000798200000, 0x0000000798200000|100%|HC|  |TAMS 0x0000000798000000| PB 0x0000000798000000| Complete 
|1180|0x0000000798200000, 0x0000000798400000, 0x0000000798400000|100%|HC|  |TAMS 0x0000000798200000| PB 0x0000000798200000| Complete 
|1181|0x0000000798400000, 0x0000000798600000, 0x0000000798600000|100%|HC|  |TAMS 0x0000000798400000| PB 0x0000000798400000| Complete 
|1182|0x0000000798600000, 0x0000000798800000, 0x0000000798800000|100%|HC|  |TAMS 0x0000000798600000| PB 0x0000000798600000| Complete 
|1183|0x0000000798800000, 0x0000000798a00000, 0x0000000798a00000|100%|HC|  |TAMS 0x0000000798800000| PB 0x0000000798800000| Complete 
|1184|0x0000000798a00000, 0x0000000798c00000, 0x0000000798c00000|100%|HC|  |TAMS 0x0000000798a00000| PB 0x0000000798a00000| Complete 
|1185|0x0000000798c00000, 0x0000000798e00000, 0x0000000798e00000|100%|HC|  |TAMS 0x0000000798c00000| PB 0x0000000798c00000| Complete 
|1186|0x0000000798e00000, 0x0000000799000000, 0x0000000799000000|100%|HC|  |TAMS 0x0000000798e00000| PB 0x0000000798e00000| Complete 
|1187|0x0000000799000000, 0x0000000799200000, 0x0000000799200000|100%|HC|  |TAMS 0x0000000799000000| PB 0x0000000799000000| Complete 
|1188|0x0000000799200000, 0x0000000799400000, 0x0000000799400000|100%|HC|  |TAMS 0x0000000799200000| PB 0x0000000799200000| Complete 
|1189|0x0000000799400000, 0x0000000799600000, 0x0000000799600000|100%|HC|  |TAMS 0x0000000799400000| PB 0x0000000799400000| Complete 
|1190|0x0000000799600000, 0x0000000799800000, 0x0000000799800000|100%|HC|  |TAMS 0x0000000799600000| PB 0x0000000799600000| Complete 
|1191|0x0000000799800000, 0x0000000799a00000, 0x0000000799a00000|100%|HC|  |TAMS 0x0000000799800000| PB 0x0000000799800000| Complete 
|1192|0x0000000799a00000, 0x0000000799c00000, 0x0000000799c00000|100%|HC|  |TAMS 0x0000000799a00000| PB 0x0000000799a00000| Complete 
|1193|0x0000000799c00000, 0x0000000799e00000, 0x0000000799e00000|100%|HC|  |TAMS 0x0000000799c00000| PB 0x0000000799c00000| Complete 
|1194|0x0000000799e00000, 0x000000079a000000, 0x000000079a000000|100%|HC|  |TAMS 0x0000000799e00000| PB 0x0000000799e00000| Complete 
|1195|0x000000079a000000, 0x000000079a200000, 0x000000079a200000|100%|HC|  |TAMS 0x000000079a000000| PB 0x000000079a000000| Complete 
|1196|0x000000079a200000, 0x000000079a400000, 0x000000079a400000|100%|HC|  |TAMS 0x000000079a200000| PB 0x000000079a200000| Complete 
|1197|0x000000079a400000, 0x000000079a600000, 0x000000079a600000|100%|HC|  |TAMS 0x000000079a400000| PB 0x000000079a400000| Complete 
|1198|0x000000079a600000, 0x000000079a800000, 0x000000079a800000|100%|HC|  |TAMS 0x000000079a600000| PB 0x000000079a600000| Complete 
|1199|0x000000079a800000, 0x000000079aa00000, 0x000000079aa00000|100%|HC|  |TAMS 0x000000079a800000| PB 0x000000079a800000| Complete 
|1200|0x000000079aa00000, 0x000000079ac00000, 0x000000079ac00000|100%|HC|  |TAMS 0x000000079aa00000| PB 0x000000079aa00000| Complete 
|1201|0x000000079ac00000, 0x000000079ae00000, 0x000000079ae00000|100%|HC|  |TAMS 0x000000079ac00000| PB 0x000000079ac00000| Complete 
|1202|0x000000079ae00000, 0x000000079b000000, 0x000000079b000000|100%|HC|  |TAMS 0x000000079ae00000| PB 0x000000079ae00000| Complete 
|1203|0x000000079b000000, 0x000000079b200000, 0x000000079b200000|100%|HC|  |TAMS 0x000000079b000000| PB 0x000000079b000000| Complete 
|1204|0x000000079b200000, 0x000000079b400000, 0x000000079b400000|100%|HC|  |TAMS 0x000000079b200000| PB 0x000000079b200000| Complete 
|1205|0x000000079b400000, 0x000000079b600000, 0x000000079b600000|100%|HC|  |TAMS 0x000000079b400000| PB 0x000000079b400000| Complete 
|1206|0x000000079b600000, 0x000000079b800000, 0x000000079b800000|100%|HC|  |TAMS 0x000000079b600000| PB 0x000000079b600000| Complete 
|1207|0x000000079b800000, 0x000000079ba00000, 0x000000079ba00000|100%|HC|  |TAMS 0x000000079b800000| PB 0x000000079b800000| Complete 
|1208|0x000000079ba00000, 0x000000079bc00000, 0x000000079bc00000|100%|HC|  |TAMS 0x000000079ba00000| PB 0x000000079ba00000| Complete 
|1209|0x000000079bc00000, 0x000000079be00000, 0x000000079be00000|100%|HC|  |TAMS 0x000000079bc00000| PB 0x000000079bc00000| Complete 
|1210|0x000000079be00000, 0x000000079c000000, 0x000000079c000000|100%|HC|  |TAMS 0x000000079be00000| PB 0x000000079be00000| Complete 
|1211|0x000000079c000000, 0x000000079c200000, 0x000000079c200000|100%|HC|  |TAMS 0x000000079c000000| PB 0x000000079c000000| Complete 
|1212|0x000000079c200000, 0x000000079c400000, 0x000000079c400000|100%|HC|  |TAMS 0x000000079c200000| PB 0x000000079c200000| Complete 
|1213|0x000000079c400000, 0x000000079c600000, 0x000000079c600000|100%|HC|  |TAMS 0x000000079c400000| PB 0x000000079c400000| Complete 
|1214|0x000000079c600000, 0x000000079c800000, 0x000000079c800000|100%|HC|  |TAMS 0x000000079c600000| PB 0x000000079c600000| Complete 
|1215|0x000000079c800000, 0x000000079ca00000, 0x000000079ca00000|100%|HC|  |TAMS 0x000000079c800000| PB 0x000000079c800000| Complete 
|1216|0x000000079ca00000, 0x000000079cc00000, 0x000000079cc00000|100%|HC|  |TAMS 0x000000079ca00000| PB 0x000000079ca00000| Complete 
|1217|0x000000079cc00000, 0x000000079ce00000, 0x000000079ce00000|100%|HC|  |TAMS 0x000000079cc00000| PB 0x000000079cc00000| Complete 
|1218|0x000000079ce00000, 0x000000079d000000, 0x000000079d000000|100%|HC|  |TAMS 0x000000079ce00000| PB 0x000000079ce00000| Complete 
|1219|0x000000079d000000, 0x000000079d200000, 0x000000079d200000|100%|HC|  |TAMS 0x000000079d000000| PB 0x000000079d000000| Complete 
|1220|0x000000079d200000, 0x000000079d400000, 0x000000079d400000|100%|HC|  |TAMS 0x000000079d200000| PB 0x000000079d200000| Complete 
|1221|0x000000079d400000, 0x000000079d600000, 0x000000079d600000|100%|HC|  |TAMS 0x000000079d400000| PB 0x000000079d400000| Complete 
|1222|0x000000079d600000, 0x000000079d800000, 0x000000079d800000|100%|HC|  |TAMS 0x000000079d600000| PB 0x000000079d600000| Complete 
|1223|0x000000079d800000, 0x000000079da00000, 0x000000079da00000|100%|HC|  |TAMS 0x000000079d800000| PB 0x000000079d800000| Complete 
|1224|0x000000079da00000, 0x000000079dc00000, 0x000000079dc00000|100%|HC|  |TAMS 0x000000079da00000| PB 0x000000079da00000| Complete 
|1225|0x000000079dc00000, 0x000000079de00000, 0x000000079de00000|100%|HC|  |TAMS 0x000000079dc00000| PB 0x000000079dc00000| Complete 
|1226|0x000000079de00000, 0x000000079e000000, 0x000000079e000000|100%|HC|  |TAMS 0x000000079de00000| PB 0x000000079de00000| Complete 
|1227|0x000000079e000000, 0x000000079e200000, 0x000000079e200000|100%|HC|  |TAMS 0x000000079e000000| PB 0x000000079e000000| Complete 
|1228|0x000000079e200000, 0x000000079e400000, 0x000000079e400000|100%|HC|  |TAMS 0x000000079e200000| PB 0x000000079e200000| Complete 
|1229|0x000000079e400000, 0x000000079e600000, 0x000000079e600000|100%|HC|  |TAMS 0x000000079e400000| PB 0x000000079e400000| Complete 
|1230|0x000000079e600000, 0x000000079e800000, 0x000000079e800000|100%|HC|  |TAMS 0x000000079e600000| PB 0x000000079e600000| Complete 
|1231|0x000000079e800000, 0x000000079ea00000, 0x000000079ea00000|100%|HC|  |TAMS 0x000000079e800000| PB 0x000000079e800000| Complete 
|1232|0x000000079ea00000, 0x000000079ec00000, 0x000000079ec00000|100%|HC|  |TAMS 0x000000079ea00000| PB 0x000000079ea00000| Complete 
|1233|0x000000079ec00000, 0x000000079ee00000, 0x000000079ee00000|100%|HC|  |TAMS 0x000000079ec00000| PB 0x000000079ec00000| Complete 
|1234|0x000000079ee00000, 0x000000079f000000, 0x000000079f000000|100%|HC|  |TAMS 0x000000079ee00000| PB 0x000000079ee00000| Complete 
|1235|0x000000079f000000, 0x000000079f200000, 0x000000079f200000|100%|HC|  |TAMS 0x000000079f000000| PB 0x000000079f000000| Complete 
|1236|0x000000079f200000, 0x000000079f400000, 0x000000079f400000|100%|HC|  |TAMS 0x000000079f200000| PB 0x000000079f200000| Complete 
|1237|0x000000079f400000, 0x000000079f600000, 0x000000079f600000|100%|HC|  |TAMS 0x000000079f400000| PB 0x000000079f400000| Complete 
|1238|0x000000079f600000, 0x000000079f800000, 0x000000079f800000|100%|HC|  |TAMS 0x000000079f600000| PB 0x000000079f600000| Complete 
|1239|0x000000079f800000, 0x000000079fa00000, 0x000000079fa00000|100%|HC|  |TAMS 0x000000079f800000| PB 0x000000079f800000| Complete 
|1240|0x000000079fa00000, 0x000000079fc00000, 0x000000079fc00000|100%|HC|  |TAMS 0x000000079fa00000| PB 0x000000079fa00000| Complete 
|1241|0x000000079fc00000, 0x000000079fe00000, 0x000000079fe00000|100%|HC|  |TAMS 0x000000079fc00000| PB 0x000000079fc00000| Complete 
|1242|0x000000079fe00000, 0x00000007a0000000, 0x00000007a0000000|100%|HC|  |TAMS 0x000000079fe00000| PB 0x000000079fe00000| Complete 
|1243|0x00000007a0000000, 0x00000007a0200000, 0x00000007a0200000|100%|HC|  |TAMS 0x00000007a0000000| PB 0x00000007a0000000| Complete 
|1244|0x00000007a0200000, 0x00000007a0400000, 0x00000007a0400000|100%|HC|  |TAMS 0x00000007a0200000| PB 0x00000007a0200000| Complete 
|1245|0x00000007a0400000, 0x00000007a0600000, 0x00000007a0600000|100%|HC|  |TAMS 0x00000007a0400000| PB 0x00000007a0400000| Complete 
|1246|0x00000007a0600000, 0x00000007a0800000, 0x00000007a0800000|100%|HC|  |TAMS 0x00000007a0600000| PB 0x00000007a0600000| Complete 
|1247|0x00000007a0800000, 0x00000007a0a00000, 0x00000007a0a00000|100%|HC|  |TAMS 0x00000007a0800000| PB 0x00000007a0800000| Complete 
|1248|0x00000007a0a00000, 0x00000007a0c00000, 0x00000007a0c00000|100%|HC|  |TAMS 0x00000007a0a00000| PB 0x00000007a0a00000| Complete 
|1249|0x00000007a0c00000, 0x00000007a0e00000, 0x00000007a0e00000|100%|HC|  |TAMS 0x00000007a0c00000| PB 0x00000007a0c00000| Complete 
|1250|0x00000007a0e00000, 0x00000007a1000000, 0x00000007a1000000|100%|HC|  |TAMS 0x00000007a0e00000| PB 0x00000007a0e00000| Complete 
|1251|0x00000007a1000000, 0x00000007a1200000, 0x00000007a1200000|100%|HC|  |TAMS 0x00000007a1000000| PB 0x00000007a1000000| Complete 
|1252|0x00000007a1200000, 0x00000007a1400000, 0x00000007a1400000|100%|HC|  |TAMS 0x00000007a1200000| PB 0x00000007a1200000| Complete 
|1253|0x00000007a1400000, 0x00000007a1600000, 0x00000007a1600000|100%|HC|  |TAMS 0x00000007a1400000| PB 0x00000007a1400000| Complete 
|1254|0x00000007a1600000, 0x00000007a1800000, 0x00000007a1800000|100%|HC|  |TAMS 0x00000007a1600000| PB 0x00000007a1600000| Complete 
|1255|0x00000007a1800000, 0x00000007a1a00000, 0x00000007a1a00000|100%|HC|  |TAMS 0x00000007a1800000| PB 0x00000007a1800000| Complete 
|1256|0x00000007a1a00000, 0x00000007a1c00000, 0x00000007a1c00000|100%|HC|  |TAMS 0x00000007a1a00000| PB 0x00000007a1a00000| Complete 
|1257|0x00000007a1c00000, 0x00000007a1e00000, 0x00000007a1e00000|100%|HC|  |TAMS 0x00000007a1c00000| PB 0x00000007a1c00000| Complete 
|1258|0x00000007a1e00000, 0x00000007a2000000, 0x00000007a2000000|100%|HC|  |TAMS 0x00000007a1e00000| PB 0x00000007a1e00000| Complete 
|1259|0x00000007a2000000, 0x00000007a2200000, 0x00000007a2200000|100%|HC|  |TAMS 0x00000007a2000000| PB 0x00000007a2000000| Complete 
|1260|0x00000007a2200000, 0x00000007a2400000, 0x00000007a2400000|100%|HC|  |TAMS 0x00000007a2200000| PB 0x00000007a2200000| Complete 
|1261|0x00000007a2400000, 0x00000007a2600000, 0x00000007a2600000|100%|HC|  |TAMS 0x00000007a2400000| PB 0x00000007a2400000| Complete 
|1262|0x00000007a2600000, 0x00000007a2800000, 0x00000007a2800000|100%|HC|  |TAMS 0x00000007a2600000| PB 0x00000007a2600000| Complete 
|1263|0x00000007a2800000, 0x00000007a2a00000, 0x00000007a2a00000|100%|HC|  |TAMS 0x00000007a2800000| PB 0x00000007a2800000| Complete 
|1264|0x00000007a2a00000, 0x00000007a2c00000, 0x00000007a2c00000|100%|HC|  |TAMS 0x00000007a2a00000| PB 0x00000007a2a00000| Complete 
|1265|0x00000007a2c00000, 0x00000007a2e00000, 0x00000007a2e00000|100%|HC|  |TAMS 0x00000007a2c00000| PB 0x00000007a2c00000| Complete 
|1266|0x00000007a2e00000, 0x00000007a3000000, 0x00000007a3000000|100%|HC|  |TAMS 0x00000007a2e00000| PB 0x00000007a2e00000| Complete 
|1267|0x00000007a3000000, 0x00000007a3200000, 0x00000007a3200000|100%|HC|  |TAMS 0x00000007a3000000| PB 0x00000007a3000000| Complete 
|1268|0x00000007a3200000, 0x00000007a3400000, 0x00000007a3400000|100%|HC|  |TAMS 0x00000007a3200000| PB 0x00000007a3200000| Complete 
|1269|0x00000007a3400000, 0x00000007a3600000, 0x00000007a3600000|100%|HC|  |TAMS 0x00000007a3400000| PB 0x00000007a3400000| Complete 
|1270|0x00000007a3600000, 0x00000007a3800000, 0x00000007a3800000|100%|HC|  |TAMS 0x00000007a3600000| PB 0x00000007a3600000| Complete 
|1271|0x00000007a3800000, 0x00000007a3a00000, 0x00000007a3a00000|100%|HC|  |TAMS 0x00000007a3800000| PB 0x00000007a3800000| Complete 
|1272|0x00000007a3a00000, 0x00000007a3c00000, 0x00000007a3c00000|100%|HC|  |TAMS 0x00000007a3a00000| PB 0x00000007a3a00000| Complete 
|1273|0x00000007a3c00000, 0x00000007a3e00000, 0x00000007a3e00000|100%|HC|  |TAMS 0x00000007a3c00000| PB 0x00000007a3c00000| Complete 
|1274|0x00000007a3e00000, 0x00000007a4000000, 0x00000007a4000000|100%|HC|  |TAMS 0x00000007a3e00000| PB 0x00000007a3e00000| Complete 
|1275|0x00000007a4000000, 0x00000007a4200000, 0x00000007a4200000|100%|HC|  |TAMS 0x00000007a4000000| PB 0x00000007a4000000| Complete 
|1276|0x00000007a4200000, 0x00000007a4400000, 0x00000007a4400000|100%|HC|  |TAMS 0x00000007a4200000| PB 0x00000007a4200000| Complete 
|1277|0x00000007a4400000, 0x00000007a4600000, 0x00000007a4600000|100%|HC|  |TAMS 0x00000007a4400000| PB 0x00000007a4400000| Complete 
|1278|0x00000007a4600000, 0x00000007a4800000, 0x00000007a4800000|100%|HC|  |TAMS 0x00000007a4600000| PB 0x00000007a4600000| Complete 
|1279|0x00000007a4800000, 0x00000007a4a00000, 0x00000007a4a00000|100%|HC|  |TAMS 0x00000007a4800000| PB 0x00000007a4800000| Complete 
|1280|0x00000007a4a00000, 0x00000007a4c00000, 0x00000007a4c00000|100%|HC|  |TAMS 0x00000007a4a00000| PB 0x00000007a4a00000| Complete 
|1281|0x00000007a4c00000, 0x00000007a4e00000, 0x00000007a4e00000|100%|HC|  |TAMS 0x00000007a4c00000| PB 0x00000007a4c00000| Complete 
|1282|0x00000007a4e00000, 0x00000007a5000000, 0x00000007a5000000|100%|HC|  |TAMS 0x00000007a4e00000| PB 0x00000007a4e00000| Complete 
|1283|0x00000007a5000000, 0x00000007a5200000, 0x00000007a5200000|100%|HC|  |TAMS 0x00000007a5000000| PB 0x00000007a5000000| Complete 
|1284|0x00000007a5200000, 0x00000007a5400000, 0x00000007a5400000|100%|HC|  |TAMS 0x00000007a5200000| PB 0x00000007a5200000| Complete 
|1285|0x00000007a5400000, 0x00000007a5600000, 0x00000007a5600000|100%|HC|  |TAMS 0x00000007a5400000| PB 0x00000007a5400000| Complete 
|1286|0x00000007a5600000, 0x00000007a5800000, 0x00000007a5800000|100%|HC|  |TAMS 0x00000007a5600000| PB 0x00000007a5600000| Complete 
|1287|0x00000007a5800000, 0x00000007a5a00000, 0x00000007a5a00000|100%|HC|  |TAMS 0x00000007a5800000| PB 0x00000007a5800000| Complete 
|1288|0x00000007a5a00000, 0x00000007a5c00000, 0x00000007a5c00000|100%|HC|  |TAMS 0x00000007a5a00000| PB 0x00000007a5a00000| Complete 
|1289|0x00000007a5c00000, 0x00000007a5e00000, 0x00000007a5e00000|100%|HC|  |TAMS 0x00000007a5c00000| PB 0x00000007a5c00000| Complete 
|1290|0x00000007a5e00000, 0x00000007a6000000, 0x00000007a6000000|100%|HC|  |TAMS 0x00000007a5e00000| PB 0x00000007a5e00000| Complete 
|1291|0x00000007a6000000, 0x00000007a6200000, 0x00000007a6200000|100%|HC|  |TAMS 0x00000007a6000000| PB 0x00000007a6000000| Complete 
|1292|0x00000007a6200000, 0x00000007a6400000, 0x00000007a6400000|100%|HC|  |TAMS 0x00000007a6200000| PB 0x00000007a6200000| Complete 
|1293|0x00000007a6400000, 0x00000007a6600000, 0x00000007a6600000|100%|HC|  |TAMS 0x00000007a6400000| PB 0x00000007a6400000| Complete 
|1294|0x00000007a6600000, 0x00000007a6800000, 0x00000007a6800000|100%|HC|  |TAMS 0x00000007a6600000| PB 0x00000007a6600000| Complete 
|1295|0x00000007a6800000, 0x00000007a6a00000, 0x00000007a6a00000|100%|HC|  |TAMS 0x00000007a6800000| PB 0x00000007a6800000| Complete 
|1296|0x00000007a6a00000, 0x00000007a6c00000, 0x00000007a6c00000|100%|HC|  |TAMS 0x00000007a6a00000| PB 0x00000007a6a00000| Complete 
|1297|0x00000007a6c00000, 0x00000007a6e00000, 0x00000007a6e00000|100%|HC|  |TAMS 0x00000007a6c00000| PB 0x00000007a6c00000| Complete 
|1298|0x00000007a6e00000, 0x00000007a7000000, 0x00000007a7000000|100%|HC|  |TAMS 0x00000007a6e00000| PB 0x00000007a6e00000| Complete 
|1299|0x00000007a7000000, 0x00000007a7200000, 0x00000007a7200000|100%|HC|  |TAMS 0x00000007a7000000| PB 0x00000007a7000000| Complete 
|1300|0x00000007a7200000, 0x00000007a7400000, 0x00000007a7400000|100%|HC|  |TAMS 0x00000007a7200000| PB 0x00000007a7200000| Complete 
|1301|0x00000007a7400000, 0x00000007a7600000, 0x00000007a7600000|100%|HC|  |TAMS 0x00000007a7400000| PB 0x00000007a7400000| Complete 
|1302|0x00000007a7600000, 0x00000007a7800000, 0x00000007a7800000|100%|HC|  |TAMS 0x00000007a7600000| PB 0x00000007a7600000| Complete 
|1303|0x00000007a7800000, 0x00000007a7a00000, 0x00000007a7a00000|100%|HC|  |TAMS 0x00000007a7800000| PB 0x00000007a7800000| Complete 
|1304|0x00000007a7a00000, 0x00000007a7c00000, 0x00000007a7c00000|100%|HC|  |TAMS 0x00000007a7a00000| PB 0x00000007a7a00000| Complete 
|1305|0x00000007a7c00000, 0x00000007a7e00000, 0x00000007a7e00000|100%|HC|  |TAMS 0x00000007a7c00000| PB 0x00000007a7c00000| Complete 
|1306|0x00000007a7e00000, 0x00000007a8000000, 0x00000007a8000000|100%|HC|  |TAMS 0x00000007a7e00000| PB 0x00000007a7e00000| Complete 
|1307|0x00000007a8000000, 0x00000007a8200000, 0x00000007a8200000|100%|HC|  |TAMS 0x00000007a8000000| PB 0x00000007a8000000| Complete 
|1308|0x00000007a8200000, 0x00000007a8400000, 0x00000007a8400000|100%|HC|  |TAMS 0x00000007a8200000| PB 0x00000007a8200000| Complete 
|1309|0x00000007a8400000, 0x00000007a8600000, 0x00000007a8600000|100%|HS|  |TAMS 0x00000007a8400000| PB 0x00000007a8400000| Complete 
|1310|0x00000007a8600000, 0x00000007a8800000, 0x00000007a8800000|100%|HC|  |TAMS 0x00000007a8600000| PB 0x00000007a8600000| Complete 
|1311|0x00000007a8800000, 0x00000007a8a00000, 0x00000007a8a00000|100%|HC|  |TAMS 0x00000007a8800000| PB 0x00000007a8800000| Complete 
|1312|0x00000007a8a00000, 0x00000007a8c00000, 0x00000007a8c00000|100%|HC|  |TAMS 0x00000007a8a00000| PB 0x00000007a8a00000| Complete 
|1313|0x00000007a8c00000, 0x00000007a8e00000, 0x00000007a8e00000|100%|HC|  |TAMS 0x00000007a8c00000| PB 0x00000007a8c00000| Complete 
|1314|0x00000007a8e00000, 0x00000007a9000000, 0x00000007a9000000|100%|HC|  |TAMS 0x00000007a8e00000| PB 0x00000007a8e00000| Complete 
|1315|0x00000007a9000000, 0x00000007a9200000, 0x00000007a9200000|100%|HC|  |TAMS 0x00000007a9000000| PB 0x00000007a9000000| Complete 
|1316|0x00000007a9200000, 0x00000007a9400000, 0x00000007a9400000|100%|HC|  |TAMS 0x00000007a9200000| PB 0x00000007a9200000| Complete 
|1317|0x00000007a9400000, 0x00000007a9600000, 0x00000007a9600000|100%|HC|  |TAMS 0x00000007a9400000| PB 0x00000007a9400000| Complete 
|1318|0x00000007a9600000, 0x00000007a9800000, 0x00000007a9800000|100%|HC|  |TAMS 0x00000007a9600000| PB 0x00000007a9600000| Complete 
|1319|0x00000007a9800000, 0x00000007a9a00000, 0x00000007a9a00000|100%|HC|  |TAMS 0x00000007a9800000| PB 0x00000007a9800000| Complete 
|1320|0x00000007a9a00000, 0x00000007a9c00000, 0x00000007a9c00000|100%|HC|  |TAMS 0x00000007a9a00000| PB 0x00000007a9a00000| Complete 
|1321|0x00000007a9c00000, 0x00000007a9e00000, 0x00000007a9e00000|100%|HC|  |TAMS 0x00000007a9c00000| PB 0x00000007a9c00000| Complete 
|1322|0x00000007a9e00000, 0x00000007aa000000, 0x00000007aa000000|100%|HC|  |TAMS 0x00000007a9e00000| PB 0x00000007a9e00000| Complete 
|1323|0x00000007aa000000, 0x00000007aa200000, 0x00000007aa200000|100%|HC|  |TAMS 0x00000007aa000000| PB 0x00000007aa000000| Complete 
|1324|0x00000007aa200000, 0x00000007aa400000, 0x00000007aa400000|100%|HC|  |TAMS 0x00000007aa200000| PB 0x00000007aa200000| Complete 
|1325|0x00000007aa400000, 0x00000007aa600000, 0x00000007aa600000|100%|HC|  |TAMS 0x00000007aa400000| PB 0x00000007aa400000| Complete 
|1326|0x00000007aa600000, 0x00000007aa800000, 0x00000007aa800000|100%|HC|  |TAMS 0x00000007aa600000| PB 0x00000007aa600000| Complete 
|1327|0x00000007aa800000, 0x00000007aaa00000, 0x00000007aaa00000|100%|HC|  |TAMS 0x00000007aa800000| PB 0x00000007aa800000| Complete 
|1328|0x00000007aaa00000, 0x00000007aac00000, 0x00000007aac00000|100%|HC|  |TAMS 0x00000007aaa00000| PB 0x00000007aaa00000| Complete 
|1329|0x00000007aac00000, 0x00000007aae00000, 0x00000007aae00000|100%|HC|  |TAMS 0x00000007aac00000| PB 0x00000007aac00000| Complete 
|1330|0x00000007aae00000, 0x00000007ab000000, 0x00000007ab000000|100%|HC|  |TAMS 0x00000007aae00000| PB 0x00000007aae00000| Complete 
|1331|0x00000007ab000000, 0x00000007ab200000, 0x00000007ab200000|100%|HC|  |TAMS 0x00000007ab000000| PB 0x00000007ab000000| Complete 
|1332|0x00000007ab200000, 0x00000007ab400000, 0x00000007ab400000|100%|HC|  |TAMS 0x00000007ab200000| PB 0x00000007ab200000| Complete 
|1333|0x00000007ab400000, 0x00000007ab600000, 0x00000007ab600000|100%|HC|  |TAMS 0x00000007ab400000| PB 0x00000007ab400000| Complete 
|1334|0x00000007ab600000, 0x00000007ab800000, 0x00000007ab800000|100%|HC|  |TAMS 0x00000007ab600000| PB 0x00000007ab600000| Complete 
|1335|0x00000007ab800000, 0x00000007aba00000, 0x00000007aba00000|100%|HC|  |TAMS 0x00000007ab800000| PB 0x00000007ab800000| Complete 
|1336|0x00000007aba00000, 0x00000007abc00000, 0x00000007abc00000|100%|HC|  |TAMS 0x00000007aba00000| PB 0x00000007aba00000| Complete 
|1337|0x00000007abc00000, 0x00000007abe00000, 0x00000007abe00000|100%|HC|  |TAMS 0x00000007abc00000| PB 0x00000007abc00000| Complete 
|1338|0x00000007abe00000, 0x00000007ac000000, 0x00000007ac000000|100%|HC|  |TAMS 0x00000007abe00000| PB 0x00000007abe00000| Complete 
|1339|0x00000007ac000000, 0x00000007ac200000, 0x00000007ac200000|100%|HC|  |TAMS 0x00000007ac000000| PB 0x00000007ac000000| Complete 
|1340|0x00000007ac200000, 0x00000007ac400000, 0x00000007ac400000|100%|HC|  |TAMS 0x00000007ac200000| PB 0x00000007ac200000| Complete 
|1341|0x00000007ac400000, 0x00000007ac600000, 0x00000007ac600000|100%|HC|  |TAMS 0x00000007ac400000| PB 0x00000007ac400000| Complete 
|1342|0x00000007ac600000, 0x00000007ac800000, 0x00000007ac800000|100%|HC|  |TAMS 0x00000007ac600000| PB 0x00000007ac600000| Complete 
|1343|0x00000007ac800000, 0x00000007aca00000, 0x00000007aca00000|100%|HC|  |TAMS 0x00000007ac800000| PB 0x00000007ac800000| Complete 
|1344|0x00000007aca00000, 0x00000007acc00000, 0x00000007acc00000|100%|HC|  |TAMS 0x00000007aca00000| PB 0x00000007aca00000| Complete 
|1345|0x00000007acc00000, 0x00000007ace00000, 0x00000007ace00000|100%|HC|  |TAMS 0x00000007acc00000| PB 0x00000007acc00000| Complete 
|1346|0x00000007ace00000, 0x00000007ad000000, 0x00000007ad000000|100%|HC|  |TAMS 0x00000007ace00000| PB 0x00000007ace00000| Complete 
|1347|0x00000007ad000000, 0x00000007ad200000, 0x00000007ad200000|100%|HC|  |TAMS 0x00000007ad000000| PB 0x00000007ad000000| Complete 
|1348|0x00000007ad200000, 0x00000007ad400000, 0x00000007ad400000|100%|HC|  |TAMS 0x00000007ad200000| PB 0x00000007ad200000| Complete 
|1349|0x00000007ad400000, 0x00000007ad600000, 0x00000007ad600000|100%|HC|  |TAMS 0x00000007ad400000| PB 0x00000007ad400000| Complete 
|1350|0x00000007ad600000, 0x00000007ad800000, 0x00000007ad800000|100%|HC|  |TAMS 0x00000007ad600000| PB 0x00000007ad600000| Complete 
|1351|0x00000007ad800000, 0x00000007ada00000, 0x00000007ada00000|100%|HC|  |TAMS 0x00000007ad800000| PB 0x00000007ad800000| Complete 
|1352|0x00000007ada00000, 0x00000007adc00000, 0x00000007adc00000|100%|HC|  |TAMS 0x00000007ada00000| PB 0x00000007ada00000| Complete 
|1353|0x00000007adc00000, 0x00000007ade00000, 0x00000007ade00000|100%|HC|  |TAMS 0x00000007adc00000| PB 0x00000007adc00000| Complete 
|1354|0x00000007ade00000, 0x00000007ae000000, 0x00000007ae000000|100%|HC|  |TAMS 0x00000007ade00000| PB 0x00000007ade00000| Complete 
|1355|0x00000007ae000000, 0x00000007ae200000, 0x00000007ae200000|100%|HC|  |TAMS 0x00000007ae000000| PB 0x00000007ae000000| Complete 
|1356|0x00000007ae200000, 0x00000007ae400000, 0x00000007ae400000|100%|HC|  |TAMS 0x00000007ae200000| PB 0x00000007ae200000| Complete 
|1357|0x00000007ae400000, 0x00000007ae600000, 0x00000007ae600000|100%|HC|  |TAMS 0x00000007ae400000| PB 0x00000007ae400000| Complete 
|1358|0x00000007ae600000, 0x00000007ae800000, 0x00000007ae800000|100%|HC|  |TAMS 0x00000007ae600000| PB 0x00000007ae600000| Complete 
|1359|0x00000007ae800000, 0x00000007aea00000, 0x00000007aea00000|100%|HC|  |TAMS 0x00000007ae800000| PB 0x00000007ae800000| Complete 
|1360|0x00000007aea00000, 0x00000007aec00000, 0x00000007aec00000|100%|HC|  |TAMS 0x00000007aea00000| PB 0x00000007aea00000| Complete 
|1361|0x00000007aec00000, 0x00000007aee00000, 0x00000007aee00000|100%|HC|  |TAMS 0x00000007aec00000| PB 0x00000007aec00000| Complete 
|1362|0x00000007aee00000, 0x00000007af000000, 0x00000007af000000|100%|HC|  |TAMS 0x00000007aee00000| PB 0x00000007aee00000| Complete 
|1363|0x00000007af000000, 0x00000007af200000, 0x00000007af200000|100%|HC|  |TAMS 0x00000007af000000| PB 0x00000007af000000| Complete 
|1364|0x00000007af200000, 0x00000007af400000, 0x00000007af400000|100%|HC|  |TAMS 0x00000007af200000| PB 0x00000007af200000| Complete 
|1365|0x00000007af400000, 0x00000007af600000, 0x00000007af600000|100%|HC|  |TAMS 0x00000007af400000| PB 0x00000007af400000| Complete 
|1366|0x00000007af600000, 0x00000007af800000, 0x00000007af800000|100%|HC|  |TAMS 0x00000007af600000| PB 0x00000007af600000| Complete 
|1367|0x00000007af800000, 0x00000007afa00000, 0x00000007afa00000|100%|HC|  |TAMS 0x00000007af800000| PB 0x00000007af800000| Complete 
|1368|0x00000007afa00000, 0x00000007afc00000, 0x00000007afc00000|100%|HC|  |TAMS 0x00000007afa00000| PB 0x00000007afa00000| Complete 
|1369|0x00000007afc00000, 0x00000007afe00000, 0x00000007afe00000|100%|HC|  |TAMS 0x00000007afc00000| PB 0x00000007afc00000| Complete 
|1370|0x00000007afe00000, 0x00000007b0000000, 0x00000007b0000000|100%|HC|  |TAMS 0x00000007afe00000| PB 0x00000007afe00000| Complete 
|1371|0x00000007b0000000, 0x00000007b0200000, 0x00000007b0200000|100%|HC|  |TAMS 0x00000007b0000000| PB 0x00000007b0000000| Complete 
|1372|0x00000007b0200000, 0x00000007b0400000, 0x00000007b0400000|100%|HC|  |TAMS 0x00000007b0200000| PB 0x00000007b0200000| Complete 
|1373|0x00000007b0400000, 0x00000007b0600000, 0x00000007b0600000|100%|HC|  |TAMS 0x00000007b0400000| PB 0x00000007b0400000| Complete 
|1374|0x00000007b0600000, 0x00000007b0800000, 0x00000007b0800000|100%|HC|  |TAMS 0x00000007b0600000| PB 0x00000007b0600000| Complete 
|1375|0x00000007b0800000, 0x00000007b0a00000, 0x00000007b0a00000|100%|HC|  |TAMS 0x00000007b0800000| PB 0x00000007b0800000| Complete 
|1376|0x00000007b0a00000, 0x00000007b0c00000, 0x00000007b0c00000|100%|HC|  |TAMS 0x00000007b0a00000| PB 0x00000007b0a00000| Complete 
|1377|0x00000007b0c00000, 0x00000007b0e00000, 0x00000007b0e00000|100%|HC|  |TAMS 0x00000007b0c00000| PB 0x00000007b0c00000| Complete 
|1378|0x00000007b0e00000, 0x00000007b1000000, 0x00000007b1000000|100%|HC|  |TAMS 0x00000007b0e00000| PB 0x00000007b0e00000| Complete 
|1379|0x00000007b1000000, 0x00000007b1200000, 0x00000007b1200000|100%|HC|  |TAMS 0x00000007b1000000| PB 0x00000007b1000000| Complete 
|1380|0x00000007b1200000, 0x00000007b1400000, 0x00000007b1400000|100%|HC|  |TAMS 0x00000007b1200000| PB 0x00000007b1200000| Complete 
|1381|0x00000007b1400000, 0x00000007b1600000, 0x00000007b1600000|100%|HC|  |TAMS 0x00000007b1400000| PB 0x00000007b1400000| Complete 
|1382|0x00000007b1600000, 0x00000007b1800000, 0x00000007b1800000|100%|HC|  |TAMS 0x00000007b1600000| PB 0x00000007b1600000| Complete 
|1383|0x00000007b1800000, 0x00000007b1a00000, 0x00000007b1a00000|100%|HC|  |TAMS 0x00000007b1800000| PB 0x00000007b1800000| Complete 
|1384|0x00000007b1a00000, 0x00000007b1c00000, 0x00000007b1c00000|100%|HC|  |TAMS 0x00000007b1a00000| PB 0x00000007b1a00000| Complete 
|1385|0x00000007b1c00000, 0x00000007b1e00000, 0x00000007b1e00000|100%|HC|  |TAMS 0x00000007b1c00000| PB 0x00000007b1c00000| Complete 
|1386|0x00000007b1e00000, 0x00000007b2000000, 0x00000007b2000000|100%|HC|  |TAMS 0x00000007b1e00000| PB 0x00000007b1e00000| Complete 
|1387|0x00000007b2000000, 0x00000007b2200000, 0x00000007b2200000|100%|HC|  |TAMS 0x00000007b2000000| PB 0x00000007b2000000| Complete 
|1388|0x00000007b2200000, 0x00000007b2400000, 0x00000007b2400000|100%|HC|  |TAMS 0x00000007b2200000| PB 0x00000007b2200000| Complete 
|1389|0x00000007b2400000, 0x00000007b2600000, 0x00000007b2600000|100%|HC|  |TAMS 0x00000007b2400000| PB 0x00000007b2400000| Complete 
|1390|0x00000007b2600000, 0x00000007b2800000, 0x00000007b2800000|100%|HC|  |TAMS 0x00000007b2600000| PB 0x00000007b2600000| Complete 
|1391|0x00000007b2800000, 0x00000007b2a00000, 0x00000007b2a00000|100%|HC|  |TAMS 0x00000007b2800000| PB 0x00000007b2800000| Complete 
|1392|0x00000007b2a00000, 0x00000007b2c00000, 0x00000007b2c00000|100%|HC|  |TAMS 0x00000007b2a00000| PB 0x00000007b2a00000| Complete 
|1393|0x00000007b2c00000, 0x00000007b2e00000, 0x00000007b2e00000|100%|HC|  |TAMS 0x00000007b2c00000| PB 0x00000007b2c00000| Complete 
|1394|0x00000007b2e00000, 0x00000007b3000000, 0x00000007b3000000|100%|HC|  |TAMS 0x00000007b2e00000| PB 0x00000007b2e00000| Complete 
|1395|0x00000007b3000000, 0x00000007b3200000, 0x00000007b3200000|100%|HC|  |TAMS 0x00000007b3000000| PB 0x00000007b3000000| Complete 
|1396|0x00000007b3200000, 0x00000007b3400000, 0x00000007b3400000|100%|HC|  |TAMS 0x00000007b3200000| PB 0x00000007b3200000| Complete 
|1397|0x00000007b3400000, 0x00000007b3600000, 0x00000007b3600000|100%|HC|  |TAMS 0x00000007b3400000| PB 0x00000007b3400000| Complete 
|1398|0x00000007b3600000, 0x00000007b3800000, 0x00000007b3800000|100%|HC|  |TAMS 0x00000007b3600000| PB 0x00000007b3600000| Complete 
|1399|0x00000007b3800000, 0x00000007b3a00000, 0x00000007b3a00000|100%|HC|  |TAMS 0x00000007b3800000| PB 0x00000007b3800000| Complete 
|1400|0x00000007b3a00000, 0x00000007b3c00000, 0x00000007b3c00000|100%|HC|  |TAMS 0x00000007b3a00000| PB 0x00000007b3a00000| Complete 
|1401|0x00000007b3c00000, 0x00000007b3e00000, 0x00000007b3e00000|100%|HC|  |TAMS 0x00000007b3c00000| PB 0x00000007b3c00000| Complete 
|1402|0x00000007b3e00000, 0x00000007b4000000, 0x00000007b4000000|100%|HC|  |TAMS 0x00000007b3e00000| PB 0x00000007b3e00000| Complete 
|1403|0x00000007b4000000, 0x00000007b4200000, 0x00000007b4200000|100%|HC|  |TAMS 0x00000007b4000000| PB 0x00000007b4000000| Complete 
|1404|0x00000007b4200000, 0x00000007b4400000, 0x00000007b4400000|100%|HC|  |TAMS 0x00000007b4200000| PB 0x00000007b4200000| Complete 
|1405|0x00000007b4400000, 0x00000007b4600000, 0x00000007b4600000|100%|HC|  |TAMS 0x00000007b4400000| PB 0x00000007b4400000| Complete 
|1406|0x00000007b4600000, 0x00000007b4800000, 0x00000007b4800000|100%|HC|  |TAMS 0x00000007b4600000| PB 0x00000007b4600000| Complete 
|1407|0x00000007b4800000, 0x00000007b4a00000, 0x00000007b4a00000|100%|HC|  |TAMS 0x00000007b4800000| PB 0x00000007b4800000| Complete 
|1408|0x00000007b4a00000, 0x00000007b4c00000, 0x00000007b4c00000|100%|HC|  |TAMS 0x00000007b4a00000| PB 0x00000007b4a00000| Complete 
|1409|0x00000007b4c00000, 0x00000007b4e00000, 0x00000007b4e00000|100%|HC|  |TAMS 0x00000007b4c00000| PB 0x00000007b4c00000| Complete 
|1410|0x00000007b4e00000, 0x00000007b5000000, 0x00000007b5000000|100%|HC|  |TAMS 0x00000007b4e00000| PB 0x00000007b4e00000| Complete 
|1411|0x00000007b5000000, 0x00000007b5200000, 0x00000007b5200000|100%|HC|  |TAMS 0x00000007b5000000| PB 0x00000007b5000000| Complete 
|1412|0x00000007b5200000, 0x00000007b5400000, 0x00000007b5400000|100%|HC|  |TAMS 0x00000007b5200000| PB 0x00000007b5200000| Complete 
|1413|0x00000007b5400000, 0x00000007b5600000, 0x00000007b5600000|100%|HC|  |TAMS 0x00000007b5400000| PB 0x00000007b5400000| Complete 
|1414|0x00000007b5600000, 0x00000007b5800000, 0x00000007b5800000|100%|HC|  |TAMS 0x00000007b5600000| PB 0x00000007b5600000| Complete 
|1415|0x00000007b5800000, 0x00000007b5a00000, 0x00000007b5a00000|100%|HC|  |TAMS 0x00000007b5800000| PB 0x00000007b5800000| Complete 
|1416|0x00000007b5a00000, 0x00000007b5c00000, 0x00000007b5c00000|100%|HC|  |TAMS 0x00000007b5a00000| PB 0x00000007b5a00000| Complete 
|1417|0x00000007b5c00000, 0x00000007b5e00000, 0x00000007b5e00000|100%|HC|  |TAMS 0x00000007b5c00000| PB 0x00000007b5c00000| Complete 
|1418|0x00000007b5e00000, 0x00000007b6000000, 0x00000007b6000000|100%|HC|  |TAMS 0x00000007b5e00000| PB 0x00000007b5e00000| Complete 
|1419|0x00000007b6000000, 0x00000007b6200000, 0x00000007b6200000|100%|HC|  |TAMS 0x00000007b6000000| PB 0x00000007b6000000| Complete 
|1420|0x00000007b6200000, 0x00000007b6400000, 0x00000007b6400000|100%|HC|  |TAMS 0x00000007b6200000| PB 0x00000007b6200000| Complete 
|1421|0x00000007b6400000, 0x00000007b6600000, 0x00000007b6600000|100%|HC|  |TAMS 0x00000007b6400000| PB 0x00000007b6400000| Complete 
|1422|0x00000007b6600000, 0x00000007b6800000, 0x00000007b6800000|100%|HC|  |TAMS 0x00000007b6600000| PB 0x00000007b6600000| Complete 
|1423|0x00000007b6800000, 0x00000007b6a00000, 0x00000007b6a00000|100%|HC|  |TAMS 0x00000007b6800000| PB 0x00000007b6800000| Complete 
|1424|0x00000007b6a00000, 0x00000007b6c00000, 0x00000007b6c00000|100%|HC|  |TAMS 0x00000007b6a00000| PB 0x00000007b6a00000| Complete 
|1425|0x00000007b6c00000, 0x00000007b6e00000, 0x00000007b6e00000|100%|HC|  |TAMS 0x00000007b6c00000| PB 0x00000007b6c00000| Complete 
|1426|0x00000007b6e00000, 0x00000007b7000000, 0x00000007b7000000|100%|HC|  |TAMS 0x00000007b6e00000| PB 0x00000007b6e00000| Complete 
|1427|0x00000007b7000000, 0x00000007b7200000, 0x00000007b7200000|100%|HC|  |TAMS 0x00000007b7000000| PB 0x00000007b7000000| Complete 
|1428|0x00000007b7200000, 0x00000007b7400000, 0x00000007b7400000|100%|HC|  |TAMS 0x00000007b7200000| PB 0x00000007b7200000| Complete 
|1429|0x00000007b7400000, 0x00000007b7600000, 0x00000007b7600000|100%|HC|  |TAMS 0x00000007b7400000| PB 0x00000007b7400000| Complete 
|1430|0x00000007b7600000, 0x00000007b7800000, 0x00000007b7800000|100%|HC|  |TAMS 0x00000007b7600000| PB 0x00000007b7600000| Complete 
|1431|0x00000007b7800000, 0x00000007b7a00000, 0x00000007b7a00000|100%|HC|  |TAMS 0x00000007b7800000| PB 0x00000007b7800000| Complete 
|1432|0x00000007b7a00000, 0x00000007b7c00000, 0x00000007b7c00000|100%|HC|  |TAMS 0x00000007b7a00000| PB 0x00000007b7a00000| Complete 
|1433|0x00000007b7c00000, 0x00000007b7e00000, 0x00000007b7e00000|100%|HC|  |TAMS 0x00000007b7c00000| PB 0x00000007b7c00000| Complete 
|1434|0x00000007b7e00000, 0x00000007b8000000, 0x00000007b8000000|100%|HC|  |TAMS 0x00000007b7e00000| PB 0x00000007b7e00000| Complete 
|1435|0x00000007b8000000, 0x00000007b8200000, 0x00000007b8200000|100%|HC|  |TAMS 0x00000007b8000000| PB 0x00000007b8000000| Complete 
|1436|0x00000007b8200000, 0x00000007b8400000, 0x00000007b8400000|100%|HC|  |TAMS 0x00000007b8200000| PB 0x00000007b8200000| Complete 
|1437|0x00000007b8400000, 0x00000007b8600000, 0x00000007b8600000|100%|HC|  |TAMS 0x00000007b8400000| PB 0x00000007b8400000| Complete 
|1438|0x00000007b8600000, 0x00000007b8800000, 0x00000007b8800000|100%|HC|  |TAMS 0x00000007b8600000| PB 0x00000007b8600000| Complete 
|1439|0x00000007b8800000, 0x00000007b8a00000, 0x00000007b8a00000|100%|HC|  |TAMS 0x00000007b8800000| PB 0x00000007b8800000| Complete 
|1440|0x00000007b8a00000, 0x00000007b8c00000, 0x00000007b8c00000|100%|HC|  |TAMS 0x00000007b8a00000| PB 0x00000007b8a00000| Complete 
|1441|0x00000007b8c00000, 0x00000007b8e00000, 0x00000007b8e00000|100%|HC|  |TAMS 0x00000007b8c00000| PB 0x00000007b8c00000| Complete 
|1442|0x00000007b8e00000, 0x00000007b9000000, 0x00000007b9000000|100%|HC|  |TAMS 0x00000007b8e00000| PB 0x00000007b8e00000| Complete 
|1443|0x00000007b9000000, 0x00000007b9200000, 0x00000007b9200000|100%|HC|  |TAMS 0x00000007b9000000| PB 0x00000007b9000000| Complete 
|1444|0x00000007b9200000, 0x00000007b9400000, 0x00000007b9400000|100%|HC|  |TAMS 0x00000007b9200000| PB 0x00000007b9200000| Complete 
|1445|0x00000007b9400000, 0x00000007b9600000, 0x00000007b9600000|100%|HC|  |TAMS 0x00000007b9400000| PB 0x00000007b9400000| Complete 
|1446|0x00000007b9600000, 0x00000007b9800000, 0x00000007b9800000|100%|HC|  |TAMS 0x00000007b9600000| PB 0x00000007b9600000| Complete 
|1447|0x00000007b9800000, 0x00000007b9a00000, 0x00000007b9a00000|100%|HC|  |TAMS 0x00000007b9800000| PB 0x00000007b9800000| Complete 
|1448|0x00000007b9a00000, 0x00000007b9c00000, 0x00000007b9c00000|100%|HC|  |TAMS 0x00000007b9a00000| PB 0x00000007b9a00000| Complete 
|1449|0x00000007b9c00000, 0x00000007b9e00000, 0x00000007b9e00000|100%|HC|  |TAMS 0x00000007b9c00000| PB 0x00000007b9c00000| Complete 
|1450|0x00000007b9e00000, 0x00000007ba000000, 0x00000007ba000000|100%|HC|  |TAMS 0x00000007b9e00000| PB 0x00000007b9e00000| Complete 
|1451|0x00000007ba000000, 0x00000007ba200000, 0x00000007ba200000|100%|HC|  |TAMS 0x00000007ba000000| PB 0x00000007ba000000| Complete 
|1452|0x00000007ba200000, 0x00000007ba400000, 0x00000007ba400000|100%|HC|  |TAMS 0x00000007ba200000| PB 0x00000007ba200000| Complete 
|1453|0x00000007ba400000, 0x00000007ba600000, 0x00000007ba600000|100%|HC|  |TAMS 0x00000007ba400000| PB 0x00000007ba400000| Complete 
|1454|0x00000007ba600000, 0x00000007ba800000, 0x00000007ba800000|100%|HC|  |TAMS 0x00000007ba600000| PB 0x00000007ba600000| Complete 
|1455|0x00000007ba800000, 0x00000007baa00000, 0x00000007baa00000|100%|HC|  |TAMS 0x00000007ba800000| PB 0x00000007ba800000| Complete 
|1456|0x00000007baa00000, 0x00000007bac00000, 0x00000007bac00000|100%|HC|  |TAMS 0x00000007baa00000| PB 0x00000007baa00000| Complete 
|1457|0x00000007bac00000, 0x00000007bae00000, 0x00000007bae00000|100%|HC|  |TAMS 0x00000007bac00000| PB 0x00000007bac00000| Complete 
|1458|0x00000007bae00000, 0x00000007bb000000, 0x00000007bb000000|100%|HC|  |TAMS 0x00000007bae00000| PB 0x00000007bae00000| Complete 
|1459|0x00000007bb000000, 0x00000007bb200000, 0x00000007bb200000|100%|HC|  |TAMS 0x00000007bb000000| PB 0x00000007bb000000| Complete 
|1460|0x00000007bb200000, 0x00000007bb400000, 0x00000007bb400000|100%|HC|  |TAMS 0x00000007bb200000| PB 0x00000007bb200000| Complete 
|1461|0x00000007bb400000, 0x00000007bb600000, 0x00000007bb600000|100%|HC|  |TAMS 0x00000007bb400000| PB 0x00000007bb400000| Complete 
|1462|0x00000007bb600000, 0x00000007bb800000, 0x00000007bb800000|100%|HC|  |TAMS 0x00000007bb600000| PB 0x00000007bb600000| Complete 
|1463|0x00000007bb800000, 0x00000007bba00000, 0x00000007bba00000|100%|HC|  |TAMS 0x00000007bb800000| PB 0x00000007bb800000| Complete 
|1464|0x00000007bba00000, 0x00000007bbc00000, 0x00000007bbc00000|100%|HC|  |TAMS 0x00000007bba00000| PB 0x00000007bba00000| Complete 
|1465|0x00000007bbc00000, 0x00000007bbe00000, 0x00000007bbe00000|100%|HC|  |TAMS 0x00000007bbc00000| PB 0x00000007bbc00000| Complete 
|1466|0x00000007bbe00000, 0x00000007bc000000, 0x00000007bc000000|100%|HC|  |TAMS 0x00000007bbe00000| PB 0x00000007bbe00000| Complete 
|1467|0x00000007bc000000, 0x00000007bc200000, 0x00000007bc200000|100%|HC|  |TAMS 0x00000007bc000000| PB 0x00000007bc000000| Complete 
|1468|0x00000007bc200000, 0x00000007bc400000, 0x00000007bc400000|100%|HC|  |TAMS 0x00000007bc200000| PB 0x00000007bc200000| Complete 
|1469|0x00000007bc400000, 0x00000007bc600000, 0x00000007bc600000|100%|HC|  |TAMS 0x00000007bc400000| PB 0x00000007bc400000| Complete 
|1470|0x00000007bc600000, 0x00000007bc800000, 0x00000007bc800000|100%|HC|  |TAMS 0x00000007bc600000| PB 0x00000007bc600000| Complete 
|1471|0x00000007bc800000, 0x00000007bca00000, 0x00000007bca00000|100%|HC|  |TAMS 0x00000007bc800000| PB 0x00000007bc800000| Complete 
|1472|0x00000007bca00000, 0x00000007bcc00000, 0x00000007bcc00000|100%|HC|  |TAMS 0x00000007bca00000| PB 0x00000007bca00000| Complete 
|1473|0x00000007bcc00000, 0x00000007bce00000, 0x00000007bce00000|100%|HC|  |TAMS 0x00000007bcc00000| PB 0x00000007bcc00000| Complete 
|1474|0x00000007bce00000, 0x00000007bd000000, 0x00000007bd000000|100%|HC|  |TAMS 0x00000007bce00000| PB 0x00000007bce00000| Complete 
|1475|0x00000007bd000000, 0x00000007bd200000, 0x00000007bd200000|100%|HC|  |TAMS 0x00000007bd000000| PB 0x00000007bd000000| Complete 
|1476|0x00000007bd200000, 0x00000007bd400000, 0x00000007bd400000|100%|HC|  |TAMS 0x00000007bd200000| PB 0x00000007bd200000| Complete 
|1477|0x00000007bd400000, 0x00000007bd600000, 0x00000007bd600000|100%|HC|  |TAMS 0x00000007bd400000| PB 0x00000007bd400000| Complete 
|1478|0x00000007bd600000, 0x00000007bd800000, 0x00000007bd800000|100%|HS|  |TAMS 0x00000007bd600000| PB 0x00000007bd600000| Complete 
|1479|0x00000007bd800000, 0x00000007bda00000, 0x00000007bda00000|100%|HC|  |TAMS 0x00000007bd800000| PB 0x00000007bd800000| Complete 
|1480|0x00000007bda00000, 0x00000007bdc00000, 0x00000007bdc00000|100%|HC|  |TAMS 0x00000007bda00000| PB 0x00000007bda00000| Complete 
|1481|0x00000007bdc00000, 0x00000007bde00000, 0x00000007bde00000|100%|HC|  |TAMS 0x00000007bdc00000| PB 0x00000007bdc00000| Complete 
|1482|0x00000007bde00000, 0x00000007be000000, 0x00000007be000000|100%|HC|  |TAMS 0x00000007bde00000| PB 0x00000007bde00000| Complete 
|1483|0x00000007be000000, 0x00000007be200000, 0x00000007be200000|100%|HC|  |TAMS 0x00000007be000000| PB 0x00000007be000000| Complete 
|1484|0x00000007be200000, 0x00000007be400000, 0x00000007be400000|100%|HC|  |TAMS 0x00000007be200000| PB 0x00000007be200000| Complete 
|1485|0x00000007be400000, 0x00000007be600000, 0x00000007be600000|100%|HC|  |TAMS 0x00000007be400000| PB 0x00000007be400000| Complete 
|1486|0x00000007be600000, 0x00000007be800000, 0x00000007be800000|100%|HC|  |TAMS 0x00000007be600000| PB 0x00000007be600000| Complete 
|1487|0x00000007be800000, 0x00000007bea00000, 0x00000007bea00000|100%|HC|  |TAMS 0x00000007be800000| PB 0x00000007be800000| Complete 
|1488|0x00000007bea00000, 0x00000007bec00000, 0x00000007bec00000|100%|HC|  |TAMS 0x00000007bea00000| PB 0x00000007bea00000| Complete 
|1489|0x00000007bec00000, 0x00000007bee00000, 0x00000007bee00000|100%|HC|  |TAMS 0x00000007bec00000| PB 0x00000007bec00000| Complete 
|1490|0x00000007bee00000, 0x00000007bf000000, 0x00000007bf000000|100%|HC|  |TAMS 0x00000007bee00000| PB 0x00000007bee00000| Complete 
|1491|0x00000007bf000000, 0x00000007bf200000, 0x00000007bf200000|100%|HC|  |TAMS 0x00000007bf000000| PB 0x00000007bf000000| Complete 
|1492|0x00000007bf200000, 0x00000007bf400000, 0x00000007bf400000|100%|HC|  |TAMS 0x00000007bf200000| PB 0x00000007bf200000| Complete 
|1493|0x00000007bf400000, 0x00000007bf600000, 0x00000007bf600000|100%|HC|  |TAMS 0x00000007bf400000| PB 0x00000007bf400000| Complete 
|1494|0x00000007bf600000, 0x00000007bf800000, 0x00000007bf800000|100%|HC|  |TAMS 0x00000007bf600000| PB 0x00000007bf600000| Complete 
|1495|0x00000007bf800000, 0x00000007bfa00000, 0x00000007bfa00000|100%|HC|  |TAMS 0x00000007bf800000| PB 0x00000007bf800000| Complete 
|1496|0x00000007bfa00000, 0x00000007bfc00000, 0x00000007bfc00000|100%|HC|  |TAMS 0x00000007bfa00000| PB 0x00000007bfa00000| Complete 
|1497|0x00000007bfc00000, 0x00000007bfe00000, 0x00000007bfe00000|100%|HC|  |TAMS 0x00000007bfc00000| PB 0x00000007bfc00000| Complete 
|1498|0x00000007bfe00000, 0x00000007c0000000, 0x00000007c0000000|100%|HC|  |TAMS 0x00000007bfe00000| PB 0x00000007bfe00000| Complete 
|1499|0x00000007c0000000, 0x00000007c0200000, 0x00000007c0200000|100%|HC|  |TAMS 0x00000007c0000000| PB 0x00000007c0000000| Complete 
|1500|0x00000007c0200000, 0x00000007c0400000, 0x00000007c0400000|100%|HC|  |TAMS 0x00000007c0200000| PB 0x00000007c0200000| Complete 
|1501|0x00000007c0400000, 0x00000007c0600000, 0x00000007c0600000|100%|HC|  |TAMS 0x00000007c0400000| PB 0x00000007c0400000| Complete 
|1502|0x00000007c0600000, 0x00000007c0800000, 0x00000007c0800000|100%|HC|  |TAMS 0x00000007c0600000| PB 0x00000007c0600000| Complete 
|1503|0x00000007c0800000, 0x00000007c0a00000, 0x00000007c0a00000|100%|HC|  |TAMS 0x00000007c0800000| PB 0x00000007c0800000| Complete 
|1504|0x00000007c0a00000, 0x00000007c0c00000, 0x00000007c0c00000|100%|HC|  |TAMS 0x00000007c0a00000| PB 0x00000007c0a00000| Complete 
|1505|0x00000007c0c00000, 0x00000007c0e00000, 0x00000007c0e00000|100%|HC|  |TAMS 0x00000007c0c00000| PB 0x00000007c0c00000| Complete 
|1506|0x00000007c0e00000, 0x00000007c1000000, 0x00000007c1000000|100%|HC|  |TAMS 0x00000007c0e00000| PB 0x00000007c0e00000| Complete 
|1507|0x00000007c1000000, 0x00000007c1200000, 0x00000007c1200000|100%|HC|  |TAMS 0x00000007c1000000| PB 0x00000007c1000000| Complete 
|1508|0x00000007c1200000, 0x00000007c1400000, 0x00000007c1400000|100%|HC|  |TAMS 0x00000007c1200000| PB 0x00000007c1200000| Complete 
|1509|0x00000007c1400000, 0x00000007c1600000, 0x00000007c1600000|100%|HC|  |TAMS 0x00000007c1400000| PB 0x00000007c1400000| Complete 
|1510|0x00000007c1600000, 0x00000007c1800000, 0x00000007c1800000|100%|HC|  |TAMS 0x00000007c1600000| PB 0x00000007c1600000| Complete 
|1511|0x00000007c1800000, 0x00000007c1a00000, 0x00000007c1a00000|100%|HC|  |TAMS 0x00000007c1800000| PB 0x00000007c1800000| Complete 
|1512|0x00000007c1a00000, 0x00000007c1c00000, 0x00000007c1c00000|100%|HC|  |TAMS 0x00000007c1a00000| PB 0x00000007c1a00000| Complete 
|1513|0x00000007c1c00000, 0x00000007c1e00000, 0x00000007c1e00000|100%|HC|  |TAMS 0x00000007c1c00000| PB 0x00000007c1c00000| Complete 
|1514|0x00000007c1e00000, 0x00000007c2000000, 0x00000007c2000000|100%|HC|  |TAMS 0x00000007c1e00000| PB 0x00000007c1e00000| Complete 
|1515|0x00000007c2000000, 0x00000007c2200000, 0x00000007c2200000|100%|HC|  |TAMS 0x00000007c2000000| PB 0x00000007c2000000| Complete 
|1516|0x00000007c2200000, 0x00000007c2400000, 0x00000007c2400000|100%|HC|  |TAMS 0x00000007c2200000| PB 0x00000007c2200000| Complete 
|1517|0x00000007c2400000, 0x00000007c2600000, 0x00000007c2600000|100%|HC|  |TAMS 0x00000007c2400000| PB 0x00000007c2400000| Complete 
|1518|0x00000007c2600000, 0x00000007c2800000, 0x00000007c2800000|100%|HC|  |TAMS 0x00000007c2600000| PB 0x00000007c2600000| Complete 
|1519|0x00000007c2800000, 0x00000007c2a00000, 0x00000007c2a00000|100%|HC|  |TAMS 0x00000007c2800000| PB 0x00000007c2800000| Complete 
|1520|0x00000007c2a00000, 0x00000007c2c00000, 0x00000007c2c00000|100%|HC|  |TAMS 0x00000007c2a00000| PB 0x00000007c2a00000| Complete 
|1521|0x00000007c2c00000, 0x00000007c2e00000, 0x00000007c2e00000|100%|HC|  |TAMS 0x00000007c2c00000| PB 0x00000007c2c00000| Complete 
|1522|0x00000007c2e00000, 0x00000007c3000000, 0x00000007c3000000|100%|HC|  |TAMS 0x00000007c2e00000| PB 0x00000007c2e00000| Complete 
|1523|0x00000007c3000000, 0x00000007c3200000, 0x00000007c3200000|100%|HC|  |TAMS 0x00000007c3000000| PB 0x00000007c3000000| Complete 
|1524|0x00000007c3200000, 0x00000007c3400000, 0x00000007c3400000|100%|HC|  |TAMS 0x00000007c3200000| PB 0x00000007c3200000| Complete 
|1525|0x00000007c3400000, 0x00000007c3600000, 0x00000007c3600000|100%|HC|  |TAMS 0x00000007c3400000| PB 0x00000007c3400000| Complete 
|1526|0x00000007c3600000, 0x00000007c3800000, 0x00000007c3800000|100%|HC|  |TAMS 0x00000007c3600000| PB 0x00000007c3600000| Complete 
|1527|0x00000007c3800000, 0x00000007c3a00000, 0x00000007c3a00000|100%|HC|  |TAMS 0x00000007c3800000| PB 0x00000007c3800000| Complete 
|1528|0x00000007c3a00000, 0x00000007c3c00000, 0x00000007c3c00000|100%|HC|  |TAMS 0x00000007c3a00000| PB 0x00000007c3a00000| Complete 
|1529|0x00000007c3c00000, 0x00000007c3e00000, 0x00000007c3e00000|100%|HC|  |TAMS 0x00000007c3c00000| PB 0x00000007c3c00000| Complete 
|1530|0x00000007c3e00000, 0x00000007c4000000, 0x00000007c4000000|100%|HC|  |TAMS 0x00000007c3e00000| PB 0x00000007c3e00000| Complete 
|1531|0x00000007c4000000, 0x00000007c4200000, 0x00000007c4200000|100%|HC|  |TAMS 0x00000007c4000000| PB 0x00000007c4000000| Complete 
|1532|0x00000007c4200000, 0x00000007c4400000, 0x00000007c4400000|100%|HC|  |TAMS 0x00000007c4200000| PB 0x00000007c4200000| Complete 
|1533|0x00000007c4400000, 0x00000007c4600000, 0x00000007c4600000|100%|HC|  |TAMS 0x00000007c4400000| PB 0x00000007c4400000| Complete 
|1534|0x00000007c4600000, 0x00000007c4800000, 0x00000007c4800000|100%|HC|  |TAMS 0x00000007c4600000| PB 0x00000007c4600000| Complete 
|1535|0x00000007c4800000, 0x00000007c4a00000, 0x00000007c4a00000|100%|HC|  |TAMS 0x00000007c4800000| PB 0x00000007c4800000| Complete 
|1536|0x00000007c4a00000, 0x00000007c4c00000, 0x00000007c4c00000|100%|HC|  |TAMS 0x00000007c4a00000| PB 0x00000007c4a00000| Complete 
|1537|0x00000007c4c00000, 0x00000007c4e00000, 0x00000007c4e00000|100%|HC|  |TAMS 0x00000007c4c00000| PB 0x00000007c4c00000| Complete 
|1538|0x00000007c4e00000, 0x00000007c5000000, 0x00000007c5000000|100%|HC|  |TAMS 0x00000007c4e00000| PB 0x00000007c4e00000| Complete 
|1539|0x00000007c5000000, 0x00000007c5200000, 0x00000007c5200000|100%|HC|  |TAMS 0x00000007c5000000| PB 0x00000007c5000000| Complete 
|1540|0x00000007c5200000, 0x00000007c5400000, 0x00000007c5400000|100%|HC|  |TAMS 0x00000007c5200000| PB 0x00000007c5200000| Complete 
|1541|0x00000007c5400000, 0x00000007c5600000, 0x00000007c5600000|100%|HC|  |TAMS 0x00000007c5400000| PB 0x00000007c5400000| Complete 
|1542|0x00000007c5600000, 0x00000007c5800000, 0x00000007c5800000|100%|HC|  |TAMS 0x00000007c5600000| PB 0x00000007c5600000| Complete 
|1543|0x00000007c5800000, 0x00000007c5a00000, 0x00000007c5a00000|100%|HC|  |TAMS 0x00000007c5800000| PB 0x00000007c5800000| Complete 
|1544|0x00000007c5a00000, 0x00000007c5c00000, 0x00000007c5c00000|100%|HC|  |TAMS 0x00000007c5a00000| PB 0x00000007c5a00000| Complete 
|1545|0x00000007c5c00000, 0x00000007c5e00000, 0x00000007c5e00000|100%|HC|  |TAMS 0x00000007c5c00000| PB 0x00000007c5c00000| Complete 
|1546|0x00000007c5e00000, 0x00000007c6000000, 0x00000007c6000000|100%|HC|  |TAMS 0x00000007c5e00000| PB 0x00000007c5e00000| Complete 
|1547|0x00000007c6000000, 0x00000007c6200000, 0x00000007c6200000|100%|HC|  |TAMS 0x00000007c6000000| PB 0x00000007c6000000| Complete 
|1548|0x00000007c6200000, 0x00000007c6400000, 0x00000007c6400000|100%|HC|  |TAMS 0x00000007c6200000| PB 0x00000007c6200000| Complete 
|1549|0x00000007c6400000, 0x00000007c6600000, 0x00000007c6600000|100%|HC|  |TAMS 0x00000007c6400000| PB 0x00000007c6400000| Complete 
|1550|0x00000007c6600000, 0x00000007c6800000, 0x00000007c6800000|100%|HC|  |TAMS 0x00000007c6600000| PB 0x00000007c6600000| Complete 
|1551|0x00000007c6800000, 0x00000007c6a00000, 0x00000007c6a00000|100%|HC|  |TAMS 0x00000007c6800000| PB 0x00000007c6800000| Complete 
|1552|0x00000007c6a00000, 0x00000007c6c00000, 0x00000007c6c00000|100%|HC|  |TAMS 0x00000007c6a00000| PB 0x00000007c6a00000| Complete 
|1553|0x00000007c6c00000, 0x00000007c6e00000, 0x00000007c6e00000|100%|HC|  |TAMS 0x00000007c6c00000| PB 0x00000007c6c00000| Complete 
|1554|0x00000007c6e00000, 0x00000007c7000000, 0x00000007c7000000|100%|HC|  |TAMS 0x00000007c6e00000| PB 0x00000007c6e00000| Complete 
|1555|0x00000007c7000000, 0x00000007c7200000, 0x00000007c7200000|100%|HC|  |TAMS 0x00000007c7000000| PB 0x00000007c7000000| Complete 
|1556|0x00000007c7200000, 0x00000007c7400000, 0x00000007c7400000|100%|HC|  |TAMS 0x00000007c7200000| PB 0x00000007c7200000| Complete 
|1557|0x00000007c7400000, 0x00000007c7600000, 0x00000007c7600000|100%|HC|  |TAMS 0x00000007c7400000| PB 0x00000007c7400000| Complete 
|1558|0x00000007c7600000, 0x00000007c7800000, 0x00000007c7800000|100%|HC|  |TAMS 0x00000007c7600000| PB 0x00000007c7600000| Complete 
|1559|0x00000007c7800000, 0x00000007c7a00000, 0x00000007c7a00000|100%|HC|  |TAMS 0x00000007c7800000| PB 0x00000007c7800000| Complete 
|1560|0x00000007c7a00000, 0x00000007c7c00000, 0x00000007c7c00000|100%|HC|  |TAMS 0x00000007c7a00000| PB 0x00000007c7a00000| Complete 
|1561|0x00000007c7c00000, 0x00000007c7e00000, 0x00000007c7e00000|100%|HC|  |TAMS 0x00000007c7c00000| PB 0x00000007c7c00000| Complete 
|1562|0x00000007c7e00000, 0x00000007c8000000, 0x00000007c8000000|100%|HC|  |TAMS 0x00000007c7e00000| PB 0x00000007c7e00000| Complete 
|1563|0x00000007c8000000, 0x00000007c8200000, 0x00000007c8200000|100%|HC|  |TAMS 0x00000007c8000000| PB 0x00000007c8000000| Complete 
|1564|0x00000007c8200000, 0x00000007c8400000, 0x00000007c8400000|100%|HC|  |TAMS 0x00000007c8200000| PB 0x00000007c8200000| Complete 
|1565|0x00000007c8400000, 0x00000007c8600000, 0x00000007c8600000|100%|HC|  |TAMS 0x00000007c8400000| PB 0x00000007c8400000| Complete 
|1566|0x00000007c8600000, 0x00000007c8800000, 0x00000007c8800000|100%|HC|  |TAMS 0x00000007c8600000| PB 0x00000007c8600000| Complete 
|1567|0x00000007c8800000, 0x00000007c8a00000, 0x00000007c8a00000|100%|HC|  |TAMS 0x00000007c8800000| PB 0x00000007c8800000| Complete 
|1568|0x00000007c8a00000, 0x00000007c8c00000, 0x00000007c8c00000|100%|HC|  |TAMS 0x00000007c8a00000| PB 0x00000007c8a00000| Complete 
|1569|0x00000007c8c00000, 0x00000007c8e00000, 0x00000007c8e00000|100%|HC|  |TAMS 0x00000007c8c00000| PB 0x00000007c8c00000| Complete 
|1570|0x00000007c8e00000, 0x00000007c9000000, 0x00000007c9000000|100%|HC|  |TAMS 0x00000007c8e00000| PB 0x00000007c8e00000| Complete 
|1571|0x00000007c9000000, 0x00000007c9200000, 0x00000007c9200000|100%|HC|  |TAMS 0x00000007c9000000| PB 0x00000007c9000000| Complete 
|1572|0x00000007c9200000, 0x00000007c9400000, 0x00000007c9400000|100%|HC|  |TAMS 0x00000007c9200000| PB 0x00000007c9200000| Complete 
|1573|0x00000007c9400000, 0x00000007c9600000, 0x00000007c9600000|100%|HC|  |TAMS 0x00000007c9400000| PB 0x00000007c9400000| Complete 
|1574|0x00000007c9600000, 0x00000007c9800000, 0x00000007c9800000|100%|HC|  |TAMS 0x00000007c9600000| PB 0x00000007c9600000| Complete 
|1575|0x00000007c9800000, 0x00000007c9a00000, 0x00000007c9a00000|100%|HC|  |TAMS 0x00000007c9800000| PB 0x00000007c9800000| Complete 
|1576|0x00000007c9a00000, 0x00000007c9c00000, 0x00000007c9c00000|100%|HC|  |TAMS 0x00000007c9a00000| PB 0x00000007c9a00000| Complete 
|1577|0x00000007c9c00000, 0x00000007c9e00000, 0x00000007c9e00000|100%|HC|  |TAMS 0x00000007c9c00000| PB 0x00000007c9c00000| Complete 
|1578|0x00000007c9e00000, 0x00000007ca000000, 0x00000007ca000000|100%|HC|  |TAMS 0x00000007c9e00000| PB 0x00000007c9e00000| Complete 
|1579|0x00000007ca000000, 0x00000007ca200000, 0x00000007ca200000|100%|HC|  |TAMS 0x00000007ca000000| PB 0x00000007ca000000| Complete 
|1580|0x00000007ca200000, 0x00000007ca400000, 0x00000007ca400000|100%|HC|  |TAMS 0x00000007ca200000| PB 0x00000007ca200000| Complete 
|1581|0x00000007ca400000, 0x00000007ca600000, 0x00000007ca600000|100%|HC|  |TAMS 0x00000007ca400000| PB 0x00000007ca400000| Complete 
|1582|0x00000007ca600000, 0x00000007ca800000, 0x00000007ca800000|100%|HC|  |TAMS 0x00000007ca600000| PB 0x00000007ca600000| Complete 
|1583|0x00000007ca800000, 0x00000007caa00000, 0x00000007caa00000|100%|HC|  |TAMS 0x00000007ca800000| PB 0x00000007ca800000| Complete 
|1584|0x00000007caa00000, 0x00000007cac00000, 0x00000007cac00000|100%|HC|  |TAMS 0x00000007caa00000| PB 0x00000007caa00000| Complete 
|1585|0x00000007cac00000, 0x00000007cae00000, 0x00000007cae00000|100%|HC|  |TAMS 0x00000007cac00000| PB 0x00000007cac00000| Complete 
|1586|0x00000007cae00000, 0x00000007cb000000, 0x00000007cb000000|100%|HC|  |TAMS 0x00000007cae00000| PB 0x00000007cae00000| Complete 
|1587|0x00000007cb000000, 0x00000007cb200000, 0x00000007cb200000|100%|HC|  |TAMS 0x00000007cb000000| PB 0x00000007cb000000| Complete 
|1588|0x00000007cb200000, 0x00000007cb400000, 0x00000007cb400000|100%|HC|  |TAMS 0x00000007cb200000| PB 0x00000007cb200000| Complete 
|1589|0x00000007cb400000, 0x00000007cb600000, 0x00000007cb600000|100%|HC|  |TAMS 0x00000007cb400000| PB 0x00000007cb400000| Complete 
|1590|0x00000007cb600000, 0x00000007cb800000, 0x00000007cb800000|100%|HC|  |TAMS 0x00000007cb600000| PB 0x00000007cb600000| Complete 
|1591|0x00000007cb800000, 0x00000007cba00000, 0x00000007cba00000|100%|HC|  |TAMS 0x00000007cb800000| PB 0x00000007cb800000| Complete 
|1592|0x00000007cba00000, 0x00000007cbc00000, 0x00000007cbc00000|100%|HC|  |TAMS 0x00000007cba00000| PB 0x00000007cba00000| Complete 
|1593|0x00000007cbc00000, 0x00000007cbe00000, 0x00000007cbe00000|100%|HC|  |TAMS 0x00000007cbc00000| PB 0x00000007cbc00000| Complete 
|1594|0x00000007cbe00000, 0x00000007cc000000, 0x00000007cc000000|100%|HC|  |TAMS 0x00000007cbe00000| PB 0x00000007cbe00000| Complete 
|1595|0x00000007cc000000, 0x00000007cc200000, 0x00000007cc200000|100%|HC|  |TAMS 0x00000007cc000000| PB 0x00000007cc000000| Complete 
|1596|0x00000007cc200000, 0x00000007cc400000, 0x00000007cc400000|100%|HC|  |TAMS 0x00000007cc200000| PB 0x00000007cc200000| Complete 
|1597|0x00000007cc400000, 0x00000007cc600000, 0x00000007cc600000|100%|HC|  |TAMS 0x00000007cc400000| PB 0x00000007cc400000| Complete 
|1598|0x00000007cc600000, 0x00000007cc800000, 0x00000007cc800000|100%|HC|  |TAMS 0x00000007cc600000| PB 0x00000007cc600000| Complete 
|1599|0x00000007cc800000, 0x00000007cca00000, 0x00000007cca00000|100%|HC|  |TAMS 0x00000007cc800000| PB 0x00000007cc800000| Complete 
|1600|0x00000007cca00000, 0x00000007ccc00000, 0x00000007ccc00000|100%|HC|  |TAMS 0x00000007cca00000| PB 0x00000007cca00000| Complete 
|1601|0x00000007ccc00000, 0x00000007cce00000, 0x00000007cce00000|100%|HC|  |TAMS 0x00000007ccc00000| PB 0x00000007ccc00000| Complete 
|1602|0x00000007cce00000, 0x00000007cd000000, 0x00000007cd000000|100%|HC|  |TAMS 0x00000007cce00000| PB 0x00000007cce00000| Complete 
|1603|0x00000007cd000000, 0x00000007cd200000, 0x00000007cd200000|100%|HC|  |TAMS 0x00000007cd000000| PB 0x00000007cd000000| Complete 
|1604|0x00000007cd200000, 0x00000007cd400000, 0x00000007cd400000|100%|HC|  |TAMS 0x00000007cd200000| PB 0x00000007cd200000| Complete 
|1605|0x00000007cd400000, 0x00000007cd600000, 0x00000007cd600000|100%|HC|  |TAMS 0x00000007cd400000| PB 0x00000007cd400000| Complete 
|1606|0x00000007cd600000, 0x00000007cd800000, 0x00000007cd800000|100%|HC|  |TAMS 0x00000007cd600000| PB 0x00000007cd600000| Complete 
|1607|0x00000007cd800000, 0x00000007cda00000, 0x00000007cda00000|100%|HC|  |TAMS 0x00000007cd800000| PB 0x00000007cd800000| Complete 
|1608|0x00000007cda00000, 0x00000007cdc00000, 0x00000007cdc00000|100%|HC|  |TAMS 0x00000007cda00000| PB 0x00000007cda00000| Complete 
|1609|0x00000007cdc00000, 0x00000007cde00000, 0x00000007cde00000|100%|HC|  |TAMS 0x00000007cdc00000| PB 0x00000007cdc00000| Complete 
|1610|0x00000007cde00000, 0x00000007ce000000, 0x00000007ce000000|100%|HC|  |TAMS 0x00000007cde00000| PB 0x00000007cde00000| Complete 
|1611|0x00000007ce000000, 0x00000007ce200000, 0x00000007ce200000|100%|HC|  |TAMS 0x00000007ce000000| PB 0x00000007ce000000| Complete 
|1612|0x00000007ce200000, 0x00000007ce400000, 0x00000007ce400000|100%|HC|  |TAMS 0x00000007ce200000| PB 0x00000007ce200000| Complete 
|1613|0x00000007ce400000, 0x00000007ce600000, 0x00000007ce600000|100%|HC|  |TAMS 0x00000007ce400000| PB 0x00000007ce400000| Complete 
|1614|0x00000007ce600000, 0x00000007ce800000, 0x00000007ce800000|100%|HC|  |TAMS 0x00000007ce600000| PB 0x00000007ce600000| Complete 
|1615|0x00000007ce800000, 0x00000007cea00000, 0x00000007cea00000|100%|HC|  |TAMS 0x00000007ce800000| PB 0x00000007ce800000| Complete 
|1616|0x00000007cea00000, 0x00000007cec00000, 0x00000007cec00000|100%|HC|  |TAMS 0x00000007cea00000| PB 0x00000007cea00000| Complete 
|1617|0x00000007cec00000, 0x00000007cee00000, 0x00000007cee00000|100%|HC|  |TAMS 0x00000007cec00000| PB 0x00000007cec00000| Complete 
|1618|0x00000007cee00000, 0x00000007cf000000, 0x00000007cf000000|100%|HC|  |TAMS 0x00000007cee00000| PB 0x00000007cee00000| Complete 
|1619|0x00000007cf000000, 0x00000007cf200000, 0x00000007cf200000|100%|HC|  |TAMS 0x00000007cf000000| PB 0x00000007cf000000| Complete 
|1620|0x00000007cf200000, 0x00000007cf400000, 0x00000007cf400000|100%|HC|  |TAMS 0x00000007cf200000| PB 0x00000007cf200000| Complete 
|1621|0x00000007cf400000, 0x00000007cf600000, 0x00000007cf600000|100%|HC|  |TAMS 0x00000007cf400000| PB 0x00000007cf400000| Complete 
|1622|0x00000007cf600000, 0x00000007cf800000, 0x00000007cf800000|100%|HC|  |TAMS 0x00000007cf600000| PB 0x00000007cf600000| Complete 
|1623|0x00000007cf800000, 0x00000007cfa00000, 0x00000007cfa00000|100%|HC|  |TAMS 0x00000007cf800000| PB 0x00000007cf800000| Complete 
|1624|0x00000007cfa00000, 0x00000007cfc00000, 0x00000007cfc00000|100%|HC|  |TAMS 0x00000007cfa00000| PB 0x00000007cfa00000| Complete 
|1625|0x00000007cfc00000, 0x00000007cfe00000, 0x00000007cfe00000|100%|HC|  |TAMS 0x00000007cfc00000| PB 0x00000007cfc00000| Complete 
|1626|0x00000007cfe00000, 0x00000007d0000000, 0x00000007d0000000|100%|HC|  |TAMS 0x00000007cfe00000| PB 0x00000007cfe00000| Complete 
|1627|0x00000007d0000000, 0x00000007d0200000, 0x00000007d0200000|100%|HC|  |TAMS 0x00000007d0000000| PB 0x00000007d0000000| Complete 
|1628|0x00000007d0200000, 0x00000007d0400000, 0x00000007d0400000|100%|HC|  |TAMS 0x00000007d0200000| PB 0x00000007d0200000| Complete 
|1629|0x00000007d0400000, 0x00000007d0600000, 0x00000007d0600000|100%|HC|  |TAMS 0x00000007d0400000| PB 0x00000007d0400000| Complete 
|1630|0x00000007d0600000, 0x00000007d0800000, 0x00000007d0800000|100%|HC|  |TAMS 0x00000007d0600000| PB 0x00000007d0600000| Complete 
|1631|0x00000007d0800000, 0x00000007d0a00000, 0x00000007d0a00000|100%|HC|  |TAMS 0x00000007d0800000| PB 0x00000007d0800000| Complete 
|1632|0x00000007d0a00000, 0x00000007d0c00000, 0x00000007d0c00000|100%|HC|  |TAMS 0x00000007d0a00000| PB 0x00000007d0a00000| Complete 
|1633|0x00000007d0c00000, 0x00000007d0e00000, 0x00000007d0e00000|100%|HC|  |TAMS 0x00000007d0c00000| PB 0x00000007d0c00000| Complete 
|1634|0x00000007d0e00000, 0x00000007d1000000, 0x00000007d1000000|100%|HC|  |TAMS 0x00000007d0e00000| PB 0x00000007d0e00000| Complete 
|1635|0x00000007d1000000, 0x00000007d1200000, 0x00000007d1200000|100%|HC|  |TAMS 0x00000007d1000000| PB 0x00000007d1000000| Complete 
|1636|0x00000007d1200000, 0x00000007d1400000, 0x00000007d1400000|100%|HC|  |TAMS 0x00000007d1200000| PB 0x00000007d1200000| Complete 
|1637|0x00000007d1400000, 0x00000007d1600000, 0x00000007d1600000|100%|HC|  |TAMS 0x00000007d1400000| PB 0x00000007d1400000| Complete 
|1638|0x00000007d1600000, 0x00000007d1800000, 0x00000007d1800000|100%|HC|  |TAMS 0x00000007d1600000| PB 0x00000007d1600000| Complete 
|1639|0x00000007d1800000, 0x00000007d1a00000, 0x00000007d1a00000|100%|HC|  |TAMS 0x00000007d1800000| PB 0x00000007d1800000| Complete 
|1640|0x00000007d1a00000, 0x00000007d1c00000, 0x00000007d1c00000|100%|HC|  |TAMS 0x00000007d1a00000| PB 0x00000007d1a00000| Complete 
|1641|0x00000007d1c00000, 0x00000007d1e00000, 0x00000007d1e00000|100%|HC|  |TAMS 0x00000007d1c00000| PB 0x00000007d1c00000| Complete 
|1642|0x00000007d1e00000, 0x00000007d2000000, 0x00000007d2000000|100%|HC|  |TAMS 0x00000007d1e00000| PB 0x00000007d1e00000| Complete 
|1643|0x00000007d2000000, 0x00000007d2200000, 0x00000007d2200000|100%|HC|  |TAMS 0x00000007d2000000| PB 0x00000007d2000000| Complete 
|1644|0x00000007d2200000, 0x00000007d2400000, 0x00000007d2400000|100%|HC|  |TAMS 0x00000007d2200000| PB 0x00000007d2200000| Complete 
|1645|0x00000007d2400000, 0x00000007d2600000, 0x00000007d2600000|100%|HC|  |TAMS 0x00000007d2400000| PB 0x00000007d2400000| Complete 
|1646|0x00000007d2600000, 0x00000007d2800000, 0x00000007d2800000|100%|HC|  |TAMS 0x00000007d2600000| PB 0x00000007d2600000| Complete 
|1647|0x00000007d2800000, 0x00000007d2a00000, 0x00000007d2a00000|100%|HS|  |TAMS 0x00000007d2800000| PB 0x00000007d2800000| Complete 
|1648|0x00000007d2a00000, 0x00000007d2c00000, 0x00000007d2c00000|100%|HC|  |TAMS 0x00000007d2a00000| PB 0x00000007d2a00000| Complete 
|1649|0x00000007d2c00000, 0x00000007d2e00000, 0x00000007d2e00000|100%|HC|  |TAMS 0x00000007d2c00000| PB 0x00000007d2c00000| Complete 
|1650|0x00000007d2e00000, 0x00000007d3000000, 0x00000007d3000000|100%|HC|  |TAMS 0x00000007d2e00000| PB 0x00000007d2e00000| Complete 
|1651|0x00000007d3000000, 0x00000007d3200000, 0x00000007d3200000|100%|HC|  |TAMS 0x00000007d3000000| PB 0x00000007d3000000| Complete 
|1652|0x00000007d3200000, 0x00000007d3400000, 0x00000007d3400000|100%|HC|  |TAMS 0x00000007d3200000| PB 0x00000007d3200000| Complete 
|1653|0x00000007d3400000, 0x00000007d3600000, 0x00000007d3600000|100%|HC|  |TAMS 0x00000007d3400000| PB 0x00000007d3400000| Complete 
|1654|0x00000007d3600000, 0x00000007d3800000, 0x00000007d3800000|100%|HC|  |TAMS 0x00000007d3600000| PB 0x00000007d3600000| Complete 
|1655|0x00000007d3800000, 0x00000007d3a00000, 0x00000007d3a00000|100%|HC|  |TAMS 0x00000007d3800000| PB 0x00000007d3800000| Complete 
|1656|0x00000007d3a00000, 0x00000007d3c00000, 0x00000007d3c00000|100%|HC|  |TAMS 0x00000007d3a00000| PB 0x00000007d3a00000| Complete 
|1657|0x00000007d3c00000, 0x00000007d3e00000, 0x00000007d3e00000|100%|HC|  |TAMS 0x00000007d3c00000| PB 0x00000007d3c00000| Complete 
|1658|0x00000007d3e00000, 0x00000007d4000000, 0x00000007d4000000|100%|HC|  |TAMS 0x00000007d3e00000| PB 0x00000007d3e00000| Complete 
|1659|0x00000007d4000000, 0x00000007d4200000, 0x00000007d4200000|100%|HC|  |TAMS 0x00000007d4000000| PB 0x00000007d4000000| Complete 
|1660|0x00000007d4200000, 0x00000007d4400000, 0x00000007d4400000|100%|HC|  |TAMS 0x00000007d4200000| PB 0x00000007d4200000| Complete 
|1661|0x00000007d4400000, 0x00000007d4600000, 0x00000007d4600000|100%|HC|  |TAMS 0x00000007d4400000| PB 0x00000007d4400000| Complete 
|1662|0x00000007d4600000, 0x00000007d4800000, 0x00000007d4800000|100%|HC|  |TAMS 0x00000007d4600000| PB 0x00000007d4600000| Complete 
|1663|0x00000007d4800000, 0x00000007d4a00000, 0x00000007d4a00000|100%|HC|  |TAMS 0x00000007d4800000| PB 0x00000007d4800000| Complete 
|1664|0x00000007d4a00000, 0x00000007d4c00000, 0x00000007d4c00000|100%|HC|  |TAMS 0x00000007d4a00000| PB 0x00000007d4a00000| Complete 
|1665|0x00000007d4c00000, 0x00000007d4e00000, 0x00000007d4e00000|100%|HC|  |TAMS 0x00000007d4c00000| PB 0x00000007d4c00000| Complete 
|1666|0x00000007d4e00000, 0x00000007d5000000, 0x00000007d5000000|100%|HC|  |TAMS 0x00000007d4e00000| PB 0x00000007d4e00000| Complete 
|1667|0x00000007d5000000, 0x00000007d5200000, 0x00000007d5200000|100%|HC|  |TAMS 0x00000007d5000000| PB 0x00000007d5000000| Complete 
|1668|0x00000007d5200000, 0x00000007d5400000, 0x00000007d5400000|100%|HC|  |TAMS 0x00000007d5200000| PB 0x00000007d5200000| Complete 
|1669|0x00000007d5400000, 0x00000007d5600000, 0x00000007d5600000|100%|HC|  |TAMS 0x00000007d5400000| PB 0x00000007d5400000| Complete 
|1670|0x00000007d5600000, 0x00000007d5800000, 0x00000007d5800000|100%|HC|  |TAMS 0x00000007d5600000| PB 0x00000007d5600000| Complete 
|1671|0x00000007d5800000, 0x00000007d5a00000, 0x00000007d5a00000|100%|HC|  |TAMS 0x00000007d5800000| PB 0x00000007d5800000| Complete 
|1672|0x00000007d5a00000, 0x00000007d5c00000, 0x00000007d5c00000|100%|HC|  |TAMS 0x00000007d5a00000| PB 0x00000007d5a00000| Complete 
|1673|0x00000007d5c00000, 0x00000007d5e00000, 0x00000007d5e00000|100%|HC|  |TAMS 0x00000007d5c00000| PB 0x00000007d5c00000| Complete 
|1674|0x00000007d5e00000, 0x00000007d6000000, 0x00000007d6000000|100%|HC|  |TAMS 0x00000007d5e00000| PB 0x00000007d5e00000| Complete 
|1675|0x00000007d6000000, 0x00000007d6200000, 0x00000007d6200000|100%|HC|  |TAMS 0x00000007d6000000| PB 0x00000007d6000000| Complete 
|1676|0x00000007d6200000, 0x00000007d6400000, 0x00000007d6400000|100%|HC|  |TAMS 0x00000007d6200000| PB 0x00000007d6200000| Complete 
|1677|0x00000007d6400000, 0x00000007d6600000, 0x00000007d6600000|100%|HC|  |TAMS 0x00000007d6400000| PB 0x00000007d6400000| Complete 
|1678|0x00000007d6600000, 0x00000007d6800000, 0x00000007d6800000|100%|HC|  |TAMS 0x00000007d6600000| PB 0x00000007d6600000| Complete 
|1679|0x00000007d6800000, 0x00000007d6a00000, 0x00000007d6a00000|100%|HC|  |TAMS 0x00000007d6800000| PB 0x00000007d6800000| Complete 
|1680|0x00000007d6a00000, 0x00000007d6c00000, 0x00000007d6c00000|100%|HC|  |TAMS 0x00000007d6a00000| PB 0x00000007d6a00000| Complete 
|1681|0x00000007d6c00000, 0x00000007d6e00000, 0x00000007d6e00000|100%|HC|  |TAMS 0x00000007d6c00000| PB 0x00000007d6c00000| Complete 
|1682|0x00000007d6e00000, 0x00000007d7000000, 0x00000007d7000000|100%|HC|  |TAMS 0x00000007d6e00000| PB 0x00000007d6e00000| Complete 
|1683|0x00000007d7000000, 0x00000007d7200000, 0x00000007d7200000|100%|HC|  |TAMS 0x00000007d7000000| PB 0x00000007d7000000| Complete 
|1684|0x00000007d7200000, 0x00000007d7400000, 0x00000007d7400000|100%|HC|  |TAMS 0x00000007d7200000| PB 0x00000007d7200000| Complete 
|1685|0x00000007d7400000, 0x00000007d7600000, 0x00000007d7600000|100%|HC|  |TAMS 0x00000007d7400000| PB 0x00000007d7400000| Complete 
|1686|0x00000007d7600000, 0x00000007d7800000, 0x00000007d7800000|100%|HC|  |TAMS 0x00000007d7600000| PB 0x00000007d7600000| Complete 
|1687|0x00000007d7800000, 0x00000007d7a00000, 0x00000007d7a00000|100%|HC|  |TAMS 0x00000007d7800000| PB 0x00000007d7800000| Complete 
|1688|0x00000007d7a00000, 0x00000007d7c00000, 0x00000007d7c00000|100%|HC|  |TAMS 0x00000007d7a00000| PB 0x00000007d7a00000| Complete 
|1689|0x00000007d7c00000, 0x00000007d7e00000, 0x00000007d7e00000|100%|HC|  |TAMS 0x00000007d7c00000| PB 0x00000007d7c00000| Complete 
|1690|0x00000007d7e00000, 0x00000007d8000000, 0x00000007d8000000|100%|HC|  |TAMS 0x00000007d7e00000| PB 0x00000007d7e00000| Complete 
|1691|0x00000007d8000000, 0x00000007d8200000, 0x00000007d8200000|100%|HC|  |TAMS 0x00000007d8000000| PB 0x00000007d8000000| Complete 
|1692|0x00000007d8200000, 0x00000007d8400000, 0x00000007d8400000|100%|HC|  |TAMS 0x00000007d8200000| PB 0x00000007d8200000| Complete 
|1693|0x00000007d8400000, 0x00000007d8600000, 0x00000007d8600000|100%|HC|  |TAMS 0x00000007d8400000| PB 0x00000007d8400000| Complete 
|1694|0x00000007d8600000, 0x00000007d8800000, 0x00000007d8800000|100%|HC|  |TAMS 0x00000007d8600000| PB 0x00000007d8600000| Complete 
|1695|0x00000007d8800000, 0x00000007d8a00000, 0x00000007d8a00000|100%|HC|  |TAMS 0x00000007d8800000| PB 0x00000007d8800000| Complete 
|1696|0x00000007d8a00000, 0x00000007d8c00000, 0x00000007d8c00000|100%|HC|  |TAMS 0x00000007d8a00000| PB 0x00000007d8a00000| Complete 
|1697|0x00000007d8c00000, 0x00000007d8e00000, 0x00000007d8e00000|100%|HC|  |TAMS 0x00000007d8c00000| PB 0x00000007d8c00000| Complete 
|1698|0x00000007d8e00000, 0x00000007d9000000, 0x00000007d9000000|100%|HC|  |TAMS 0x00000007d8e00000| PB 0x00000007d8e00000| Complete 
|1699|0x00000007d9000000, 0x00000007d9200000, 0x00000007d9200000|100%|HC|  |TAMS 0x00000007d9000000| PB 0x00000007d9000000| Complete 
|1700|0x00000007d9200000, 0x00000007d9400000, 0x00000007d9400000|100%|HC|  |TAMS 0x00000007d9200000| PB 0x00000007d9200000| Complete 
|1701|0x00000007d9400000, 0x00000007d9600000, 0x00000007d9600000|100%|HC|  |TAMS 0x00000007d9400000| PB 0x00000007d9400000| Complete 
|1702|0x00000007d9600000, 0x00000007d9800000, 0x00000007d9800000|100%|HC|  |TAMS 0x00000007d9600000| PB 0x00000007d9600000| Complete 
|1703|0x00000007d9800000, 0x00000007d9a00000, 0x00000007d9a00000|100%|HC|  |TAMS 0x00000007d9800000| PB 0x00000007d9800000| Complete 
|1704|0x00000007d9a00000, 0x00000007d9c00000, 0x00000007d9c00000|100%|HC|  |TAMS 0x00000007d9a00000| PB 0x00000007d9a00000| Complete 
|1705|0x00000007d9c00000, 0x00000007d9e00000, 0x00000007d9e00000|100%|HC|  |TAMS 0x00000007d9c00000| PB 0x00000007d9c00000| Complete 
|1706|0x00000007d9e00000, 0x00000007da000000, 0x00000007da000000|100%|HC|  |TAMS 0x00000007d9e00000| PB 0x00000007d9e00000| Complete 
|1707|0x00000007da000000, 0x00000007da200000, 0x00000007da200000|100%|HC|  |TAMS 0x00000007da000000| PB 0x00000007da000000| Complete 
|1708|0x00000007da200000, 0x00000007da400000, 0x00000007da400000|100%|HC|  |TAMS 0x00000007da200000| PB 0x00000007da200000| Complete 
|1709|0x00000007da400000, 0x00000007da600000, 0x00000007da600000|100%|HC|  |TAMS 0x00000007da400000| PB 0x00000007da400000| Complete 
|1710|0x00000007da600000, 0x00000007da800000, 0x00000007da800000|100%|HC|  |TAMS 0x00000007da600000| PB 0x00000007da600000| Complete 
|1711|0x00000007da800000, 0x00000007daa00000, 0x00000007daa00000|100%|HC|  |TAMS 0x00000007da800000| PB 0x00000007da800000| Complete 
|1712|0x00000007daa00000, 0x00000007dac00000, 0x00000007dac00000|100%|HC|  |TAMS 0x00000007daa00000| PB 0x00000007daa00000| Complete 
|1713|0x00000007dac00000, 0x00000007dae00000, 0x00000007dae00000|100%|HC|  |TAMS 0x00000007dac00000| PB 0x00000007dac00000| Complete 
|1714|0x00000007dae00000, 0x00000007db000000, 0x00000007db000000|100%|HC|  |TAMS 0x00000007dae00000| PB 0x00000007dae00000| Complete 
|1715|0x00000007db000000, 0x00000007db200000, 0x00000007db200000|100%|HC|  |TAMS 0x00000007db000000| PB 0x00000007db000000| Complete 
|1716|0x00000007db200000, 0x00000007db400000, 0x00000007db400000|100%|HC|  |TAMS 0x00000007db200000| PB 0x00000007db200000| Complete 
|1717|0x00000007db400000, 0x00000007db600000, 0x00000007db600000|100%|HC|  |TAMS 0x00000007db400000| PB 0x00000007db400000| Complete 
|1718|0x00000007db600000, 0x00000007db800000, 0x00000007db800000|100%|HC|  |TAMS 0x00000007db600000| PB 0x00000007db600000| Complete 
|1719|0x00000007db800000, 0x00000007dba00000, 0x00000007dba00000|100%|HC|  |TAMS 0x00000007db800000| PB 0x00000007db800000| Complete 
|1720|0x00000007dba00000, 0x00000007dbc00000, 0x00000007dbc00000|100%|HC|  |TAMS 0x00000007dba00000| PB 0x00000007dba00000| Complete 
|1721|0x00000007dbc00000, 0x00000007dbe00000, 0x00000007dbe00000|100%|HC|  |TAMS 0x00000007dbc00000| PB 0x00000007dbc00000| Complete 
|1722|0x00000007dbe00000, 0x00000007dc000000, 0x00000007dc000000|100%|HC|  |TAMS 0x00000007dbe00000| PB 0x00000007dbe00000| Complete 
|1723|0x00000007dc000000, 0x00000007dc200000, 0x00000007dc200000|100%|HC|  |TAMS 0x00000007dc000000| PB 0x00000007dc000000| Complete 
|1724|0x00000007dc200000, 0x00000007dc400000, 0x00000007dc400000|100%|HC|  |TAMS 0x00000007dc200000| PB 0x00000007dc200000| Complete 
|1725|0x00000007dc400000, 0x00000007dc600000, 0x00000007dc600000|100%|HC|  |TAMS 0x00000007dc400000| PB 0x00000007dc400000| Complete 
|1726|0x00000007dc600000, 0x00000007dc800000, 0x00000007dc800000|100%|HC|  |TAMS 0x00000007dc600000| PB 0x00000007dc600000| Complete 
|1727|0x00000007dc800000, 0x00000007dca00000, 0x00000007dca00000|100%|HC|  |TAMS 0x00000007dc800000| PB 0x00000007dc800000| Complete 
|1728|0x00000007dca00000, 0x00000007dcc00000, 0x00000007dcc00000|100%|HC|  |TAMS 0x00000007dca00000| PB 0x00000007dca00000| Complete 
|1729|0x00000007dcc00000, 0x00000007dce00000, 0x00000007dce00000|100%|HC|  |TAMS 0x00000007dcc00000| PB 0x00000007dcc00000| Complete 
|1730|0x00000007dce00000, 0x00000007dd000000, 0x00000007dd000000|100%|HC|  |TAMS 0x00000007dce00000| PB 0x00000007dce00000| Complete 
|1731|0x00000007dd000000, 0x00000007dd200000, 0x00000007dd200000|100%|HC|  |TAMS 0x00000007dd000000| PB 0x00000007dd000000| Complete 
|1732|0x00000007dd200000, 0x00000007dd400000, 0x00000007dd400000|100%|HC|  |TAMS 0x00000007dd200000| PB 0x00000007dd200000| Complete 
|1733|0x00000007dd400000, 0x00000007dd600000, 0x00000007dd600000|100%|HC|  |TAMS 0x00000007dd400000| PB 0x00000007dd400000| Complete 
|1734|0x00000007dd600000, 0x00000007dd800000, 0x00000007dd800000|100%|HC|  |TAMS 0x00000007dd600000| PB 0x00000007dd600000| Complete 
|1735|0x00000007dd800000, 0x00000007dda00000, 0x00000007dda00000|100%|HC|  |TAMS 0x00000007dd800000| PB 0x00000007dd800000| Complete 
|1736|0x00000007dda00000, 0x00000007ddc00000, 0x00000007ddc00000|100%|HC|  |TAMS 0x00000007dda00000| PB 0x00000007dda00000| Complete 
|1737|0x00000007ddc00000, 0x00000007dde00000, 0x00000007dde00000|100%|HC|  |TAMS 0x00000007ddc00000| PB 0x00000007ddc00000| Complete 
|1738|0x00000007dde00000, 0x00000007de000000, 0x00000007de000000|100%|HC|  |TAMS 0x00000007dde00000| PB 0x00000007dde00000| Complete 
|1739|0x00000007de000000, 0x00000007de200000, 0x00000007de200000|100%|HC|  |TAMS 0x00000007de000000| PB 0x00000007de000000| Complete 
|1740|0x00000007de200000, 0x00000007de400000, 0x00000007de400000|100%|HC|  |TAMS 0x00000007de200000| PB 0x00000007de200000| Complete 
|1741|0x00000007de400000, 0x00000007de600000, 0x00000007de600000|100%|HC|  |TAMS 0x00000007de400000| PB 0x00000007de400000| Complete 
|1742|0x00000007de600000, 0x00000007de800000, 0x00000007de800000|100%|HC|  |TAMS 0x00000007de600000| PB 0x00000007de600000| Complete 
|1743|0x00000007de800000, 0x00000007dea00000, 0x00000007dea00000|100%|HC|  |TAMS 0x00000007de800000| PB 0x00000007de800000| Complete 
|1744|0x00000007dea00000, 0x00000007dec00000, 0x00000007dec00000|100%|HC|  |TAMS 0x00000007dea00000| PB 0x00000007dea00000| Complete 
|1745|0x00000007dec00000, 0x00000007dee00000, 0x00000007dee00000|100%|HC|  |TAMS 0x00000007dec00000| PB 0x00000007dec00000| Complete 
|1746|0x00000007dee00000, 0x00000007df000000, 0x00000007df000000|100%|HC|  |TAMS 0x00000007dee00000| PB 0x00000007dee00000| Complete 
|1747|0x00000007df000000, 0x00000007df200000, 0x00000007df200000|100%|HC|  |TAMS 0x00000007df000000| PB 0x00000007df000000| Complete 
|1748|0x00000007df200000, 0x00000007df400000, 0x00000007df400000|100%|HC|  |TAMS 0x00000007df200000| PB 0x00000007df200000| Complete 
|1749|0x00000007df400000, 0x00000007df600000, 0x00000007df600000|100%|HC|  |TAMS 0x00000007df400000| PB 0x00000007df400000| Complete 
|1750|0x00000007df600000, 0x00000007df800000, 0x00000007df800000|100%|HC|  |TAMS 0x00000007df600000| PB 0x00000007df600000| Complete 
|1751|0x00000007df800000, 0x00000007dfa00000, 0x00000007dfa00000|100%|HC|  |TAMS 0x00000007df800000| PB 0x00000007df800000| Complete 
|1752|0x00000007dfa00000, 0x00000007dfc00000, 0x00000007dfc00000|100%|HC|  |TAMS 0x00000007dfa00000| PB 0x00000007dfa00000| Complete 
|1753|0x00000007dfc00000, 0x00000007dfe00000, 0x00000007dfe00000|100%|HC|  |TAMS 0x00000007dfc00000| PB 0x00000007dfc00000| Complete 
|1754|0x00000007dfe00000, 0x00000007e0000000, 0x00000007e0000000|100%|HC|  |TAMS 0x00000007dfe00000| PB 0x00000007dfe00000| Complete 
|1755|0x00000007e0000000, 0x00000007e0200000, 0x00000007e0200000|100%|HC|  |TAMS 0x00000007e0000000| PB 0x00000007e0000000| Complete 
|1756|0x00000007e0200000, 0x00000007e0400000, 0x00000007e0400000|100%|HC|  |TAMS 0x00000007e0200000| PB 0x00000007e0200000| Complete 
|1757|0x00000007e0400000, 0x00000007e0600000, 0x00000007e0600000|100%|HC|  |TAMS 0x00000007e0400000| PB 0x00000007e0400000| Complete 
|1758|0x00000007e0600000, 0x00000007e0800000, 0x00000007e0800000|100%|HC|  |TAMS 0x00000007e0600000| PB 0x00000007e0600000| Complete 
|1759|0x00000007e0800000, 0x00000007e0a00000, 0x00000007e0a00000|100%|HC|  |TAMS 0x00000007e0800000| PB 0x00000007e0800000| Complete 
|1760|0x00000007e0a00000, 0x00000007e0c00000, 0x00000007e0c00000|100%|HC|  |TAMS 0x00000007e0a00000| PB 0x00000007e0a00000| Complete 
|1761|0x00000007e0c00000, 0x00000007e0e00000, 0x00000007e0e00000|100%|HC|  |TAMS 0x00000007e0c00000| PB 0x00000007e0c00000| Complete 
|1762|0x00000007e0e00000, 0x00000007e1000000, 0x00000007e1000000|100%|HC|  |TAMS 0x00000007e0e00000| PB 0x00000007e0e00000| Complete 
|1763|0x00000007e1000000, 0x00000007e1200000, 0x00000007e1200000|100%|HC|  |TAMS 0x00000007e1000000| PB 0x00000007e1000000| Complete 
|1764|0x00000007e1200000, 0x00000007e1400000, 0x00000007e1400000|100%|HC|  |TAMS 0x00000007e1200000| PB 0x00000007e1200000| Complete 
|1765|0x00000007e1400000, 0x00000007e1600000, 0x00000007e1600000|100%|HC|  |TAMS 0x00000007e1400000| PB 0x00000007e1400000| Complete 
|1766|0x00000007e1600000, 0x00000007e1800000, 0x00000007e1800000|100%|HC|  |TAMS 0x00000007e1600000| PB 0x00000007e1600000| Complete 
|1767|0x00000007e1800000, 0x00000007e1a00000, 0x00000007e1a00000|100%|HC|  |TAMS 0x00000007e1800000| PB 0x00000007e1800000| Complete 
|1768|0x00000007e1a00000, 0x00000007e1c00000, 0x00000007e1c00000|100%|HC|  |TAMS 0x00000007e1a00000| PB 0x00000007e1a00000| Complete 
|1769|0x00000007e1c00000, 0x00000007e1e00000, 0x00000007e1e00000|100%|HC|  |TAMS 0x00000007e1c00000| PB 0x00000007e1c00000| Complete 
|1770|0x00000007e1e00000, 0x00000007e2000000, 0x00000007e2000000|100%|HC|  |TAMS 0x00000007e1e00000| PB 0x00000007e1e00000| Complete 
|1771|0x00000007e2000000, 0x00000007e2200000, 0x00000007e2200000|100%|HC|  |TAMS 0x00000007e2000000| PB 0x00000007e2000000| Complete 
|1772|0x00000007e2200000, 0x00000007e2400000, 0x00000007e2400000|100%|HC|  |TAMS 0x00000007e2200000| PB 0x00000007e2200000| Complete 
|1773|0x00000007e2400000, 0x00000007e2600000, 0x00000007e2600000|100%|HC|  |TAMS 0x00000007e2400000| PB 0x00000007e2400000| Complete 
|1774|0x00000007e2600000, 0x00000007e2800000, 0x00000007e2800000|100%|HC|  |TAMS 0x00000007e2600000| PB 0x00000007e2600000| Complete 
|1775|0x00000007e2800000, 0x00000007e2a00000, 0x00000007e2a00000|100%|HC|  |TAMS 0x00000007e2800000| PB 0x00000007e2800000| Complete 
|1776|0x00000007e2a00000, 0x00000007e2c00000, 0x00000007e2c00000|100%|HC|  |TAMS 0x00000007e2a00000| PB 0x00000007e2a00000| Complete 
|1777|0x00000007e2c00000, 0x00000007e2e00000, 0x00000007e2e00000|100%|HC|  |TAMS 0x00000007e2c00000| PB 0x00000007e2c00000| Complete 
|1778|0x00000007e2e00000, 0x00000007e3000000, 0x00000007e3000000|100%|HC|  |TAMS 0x00000007e2e00000| PB 0x00000007e2e00000| Complete 
|1779|0x00000007e3000000, 0x00000007e3200000, 0x00000007e3200000|100%|HC|  |TAMS 0x00000007e3000000| PB 0x00000007e3000000| Complete 
|1780|0x00000007e3200000, 0x00000007e3400000, 0x00000007e3400000|100%|HC|  |TAMS 0x00000007e3200000| PB 0x00000007e3200000| Complete 
|1781|0x00000007e3400000, 0x00000007e3600000, 0x00000007e3600000|100%|HC|  |TAMS 0x00000007e3400000| PB 0x00000007e3400000| Complete 
|1782|0x00000007e3600000, 0x00000007e3800000, 0x00000007e3800000|100%|HC|  |TAMS 0x00000007e3600000| PB 0x00000007e3600000| Complete 
|1783|0x00000007e3800000, 0x00000007e3a00000, 0x00000007e3a00000|100%|HC|  |TAMS 0x00000007e3800000| PB 0x00000007e3800000| Complete 
|1784|0x00000007e3a00000, 0x00000007e3c00000, 0x00000007e3c00000|100%|HC|  |TAMS 0x00000007e3a00000| PB 0x00000007e3a00000| Complete 
|1785|0x00000007e3c00000, 0x00000007e3e00000, 0x00000007e3e00000|100%|HC|  |TAMS 0x00000007e3c00000| PB 0x00000007e3c00000| Complete 
|1786|0x00000007e3e00000, 0x00000007e4000000, 0x00000007e4000000|100%|HC|  |TAMS 0x00000007e3e00000| PB 0x00000007e3e00000| Complete 
|1787|0x00000007e4000000, 0x00000007e4200000, 0x00000007e4200000|100%|HC|  |TAMS 0x00000007e4000000| PB 0x00000007e4000000| Complete 
|1788|0x00000007e4200000, 0x00000007e4400000, 0x00000007e4400000|100%|HC|  |TAMS 0x00000007e4200000| PB 0x00000007e4200000| Complete 
|1789|0x00000007e4400000, 0x00000007e4600000, 0x00000007e4600000|100%|HC|  |TAMS 0x00000007e4400000| PB 0x00000007e4400000| Complete 
|1790|0x00000007e4600000, 0x00000007e4800000, 0x00000007e4800000|100%|HC|  |TAMS 0x00000007e4600000| PB 0x00000007e4600000| Complete 
|1791|0x00000007e4800000, 0x00000007e4a00000, 0x00000007e4a00000|100%|HC|  |TAMS 0x00000007e4800000| PB 0x00000007e4800000| Complete 
|1792|0x00000007e4a00000, 0x00000007e4c00000, 0x00000007e4c00000|100%|HC|  |TAMS 0x00000007e4a00000| PB 0x00000007e4a00000| Complete 
|1793|0x00000007e4c00000, 0x00000007e4e00000, 0x00000007e4e00000|100%|HC|  |TAMS 0x00000007e4c00000| PB 0x00000007e4c00000| Complete 
|1794|0x00000007e4e00000, 0x00000007e5000000, 0x00000007e5000000|100%|HC|  |TAMS 0x00000007e4e00000| PB 0x00000007e4e00000| Complete 
|1795|0x00000007e5000000, 0x00000007e5200000, 0x00000007e5200000|100%|HC|  |TAMS 0x00000007e5000000| PB 0x00000007e5000000| Complete 
|1796|0x00000007e5200000, 0x00000007e5400000, 0x00000007e5400000|100%|HC|  |TAMS 0x00000007e5200000| PB 0x00000007e5200000| Complete 
|1797|0x00000007e5400000, 0x00000007e5600000, 0x00000007e5600000|100%|HC|  |TAMS 0x00000007e5400000| PB 0x00000007e5400000| Complete 
|1798|0x00000007e5600000, 0x00000007e5800000, 0x00000007e5800000|100%|HC|  |TAMS 0x00000007e5600000| PB 0x00000007e5600000| Complete 
|1799|0x00000007e5800000, 0x00000007e5a00000, 0x00000007e5a00000|100%|HC|  |TAMS 0x00000007e5800000| PB 0x00000007e5800000| Complete 
|1800|0x00000007e5a00000, 0x00000007e5c00000, 0x00000007e5c00000|100%|HC|  |TAMS 0x00000007e5a00000| PB 0x00000007e5a00000| Complete 
|1801|0x00000007e5c00000, 0x00000007e5e00000, 0x00000007e5e00000|100%|HC|  |TAMS 0x00000007e5c00000| PB 0x00000007e5c00000| Complete 
|1802|0x00000007e5e00000, 0x00000007e6000000, 0x00000007e6000000|100%|HC|  |TAMS 0x00000007e5e00000| PB 0x00000007e5e00000| Complete 
|1803|0x00000007e6000000, 0x00000007e6200000, 0x00000007e6200000|100%|HC|  |TAMS 0x00000007e6000000| PB 0x00000007e6000000| Complete 
|1804|0x00000007e6200000, 0x00000007e6400000, 0x00000007e6400000|100%|HC|  |TAMS 0x00000007e6200000| PB 0x00000007e6200000| Complete 
|1805|0x00000007e6400000, 0x00000007e6600000, 0x00000007e6600000|100%|HC|  |TAMS 0x00000007e6400000| PB 0x00000007e6400000| Complete 
|1806|0x00000007e6600000, 0x00000007e6800000, 0x00000007e6800000|100%|HC|  |TAMS 0x00000007e6600000| PB 0x00000007e6600000| Complete 
|1807|0x00000007e6800000, 0x00000007e6a00000, 0x00000007e6a00000|100%|HC|  |TAMS 0x00000007e6800000| PB 0x00000007e6800000| Complete 
|1808|0x00000007e6a00000, 0x00000007e6c00000, 0x00000007e6c00000|100%|HC|  |TAMS 0x00000007e6a00000| PB 0x00000007e6a00000| Complete 
|1809|0x00000007e6c00000, 0x00000007e6e00000, 0x00000007e6e00000|100%|HC|  |TAMS 0x00000007e6c00000| PB 0x00000007e6c00000| Complete 
|1810|0x00000007e6e00000, 0x00000007e7000000, 0x00000007e7000000|100%|HC|  |TAMS 0x00000007e6e00000| PB 0x00000007e6e00000| Complete 
|1811|0x00000007e7000000, 0x00000007e7200000, 0x00000007e7200000|100%|HC|  |TAMS 0x00000007e7000000| PB 0x00000007e7000000| Complete 
|1812|0x00000007e7200000, 0x00000007e7400000, 0x00000007e7400000|100%|HC|  |TAMS 0x00000007e7200000| PB 0x00000007e7200000| Complete 
|1813|0x00000007e7400000, 0x00000007e7600000, 0x00000007e7600000|100%|HC|  |TAMS 0x00000007e7400000| PB 0x00000007e7400000| Complete 
|1814|0x00000007e7600000, 0x00000007e7800000, 0x00000007e7800000|100%|HC|  |TAMS 0x00000007e7600000| PB 0x00000007e7600000| Complete 
|1815|0x00000007e7800000, 0x00000007e7a00000, 0x00000007e7a00000|100%|HC|  |TAMS 0x00000007e7800000| PB 0x00000007e7800000| Complete 
|1816|0x00000007e7a00000, 0x00000007e7a00000, 0x00000007e7c00000|  0%| F|  |TAMS 0x00000007e7a00000| PB 0x00000007e7a00000| Untracked 
|1817|0x00000007e7c00000, 0x00000007e7c00000, 0x00000007e7e00000|  0%| F|  |TAMS 0x00000007e7c00000| PB 0x00000007e7c00000| Untracked 
|1818|0x00000007e7e00000, 0x00000007e7e00000, 0x00000007e8000000|  0%| F|  |TAMS 0x00000007e7e00000| PB 0x00000007e7e00000| Untracked 
|1819|0x00000007e8000000, 0x00000007e8000000, 0x00000007e8200000|  0%| F|  |TAMS 0x00000007e8000000| PB 0x00000007e8000000| Untracked 
|1820|0x00000007e8200000, 0x00000007e8200000, 0x00000007e8400000|  0%| F|  |TAMS 0x00000007e8200000| PB 0x00000007e8200000| Untracked 
|1821|0x00000007e8400000, 0x00000007e8400000, 0x00000007e8600000|  0%| F|  |TAMS 0x00000007e8400000| PB 0x00000007e8400000| Untracked 
|1822|0x00000007e8600000, 0x00000007e8600000, 0x00000007e8800000|  0%| F|  |TAMS 0x00000007e8600000| PB 0x00000007e8600000| Untracked 
|1823|0x00000007e8800000, 0x00000007e8800000, 0x00000007e8a00000|  0%| F|  |TAMS 0x00000007e8800000| PB 0x00000007e8800000| Untracked 
|1824|0x00000007e8a00000, 0x00000007e8a00000, 0x00000007e8c00000|  0%| F|  |TAMS 0x00000007e8a00000| PB 0x00000007e8a00000| Untracked 
|1825|0x00000007e8c00000, 0x00000007e8c00000, 0x00000007e8e00000|  0%| F|  |TAMS 0x00000007e8c00000| PB 0x00000007e8c00000| Untracked 
|1826|0x00000007e8e00000, 0x00000007e8e00000, 0x00000007e9000000|  0%| F|  |TAMS 0x00000007e8e00000| PB 0x00000007e8e00000| Untracked 
|1827|0x00000007e9000000, 0x00000007e9000000, 0x00000007e9200000|  0%| F|  |TAMS 0x00000007e9000000| PB 0x00000007e9000000| Untracked 
|1828|0x00000007e9200000, 0x00000007e9200000, 0x00000007e9400000|  0%| F|  |TAMS 0x00000007e9200000| PB 0x00000007e9200000| Untracked 
|1829|0x00000007e9400000, 0x00000007e9400000, 0x00000007e9600000|  0%| F|  |TAMS 0x00000007e9400000| PB 0x00000007e9400000| Untracked 
|1830|0x00000007e9600000, 0x00000007e9600000, 0x00000007e9800000|  0%| F|  |TAMS 0x00000007e9600000| PB 0x00000007e9600000| Untracked 
|1831|0x00000007e9800000, 0x00000007e9800000, 0x00000007e9a00000|  0%| F|  |TAMS 0x00000007e9800000| PB 0x00000007e9800000| Untracked 
|1832|0x00000007e9a00000, 0x00000007e9a00000, 0x00000007e9c00000|  0%| F|  |TAMS 0x00000007e9a00000| PB 0x00000007e9a00000| Untracked 
|1833|0x00000007e9c00000, 0x00000007e9c00000, 0x00000007e9e00000|  0%| F|  |TAMS 0x00000007e9c00000| PB 0x00000007e9c00000| Untracked 
|1834|0x00000007e9e00000, 0x00000007e9e00000, 0x00000007ea000000|  0%| F|  |TAMS 0x00000007e9e00000| PB 0x00000007e9e00000| Untracked 
|1835|0x00000007ea000000, 0x00000007ea000000, 0x00000007ea200000|  0%| F|  |TAMS 0x00000007ea000000| PB 0x00000007ea000000| Untracked 
|1836|0x00000007ea200000, 0x00000007ea200000, 0x00000007ea400000|  0%| F|  |TAMS 0x00000007ea200000| PB 0x00000007ea200000| Untracked 
|1837|0x00000007ea400000, 0x00000007ea400000, 0x00000007ea600000|  0%| F|  |TAMS 0x00000007ea400000| PB 0x00000007ea400000| Untracked 
|1838|0x00000007ea600000, 0x00000007ea600000, 0x00000007ea800000|  0%| F|  |TAMS 0x00000007ea600000| PB 0x00000007ea600000| Untracked 
|1839|0x00000007ea800000, 0x00000007ea800000, 0x00000007eaa00000|  0%| F|  |TAMS 0x00000007ea800000| PB 0x00000007ea800000| Untracked 
|1840|0x00000007eaa00000, 0x00000007eaa00000, 0x00000007eac00000|  0%| F|  |TAMS 0x00000007eaa00000| PB 0x00000007eaa00000| Untracked 
|1841|0x00000007eac00000, 0x00000007eac00000, 0x00000007eae00000|  0%| F|  |TAMS 0x00000007eac00000| PB 0x00000007eac00000| Untracked 
|1842|0x00000007eae00000, 0x00000007eae00000, 0x00000007eb000000|  0%| F|  |TAMS 0x00000007eae00000| PB 0x00000007eae00000| Untracked 
|1843|0x00000007eb000000, 0x00000007eb000000, 0x00000007eb200000|  0%| F|  |TAMS 0x00000007eb000000| PB 0x00000007eb000000| Untracked 
|1844|0x00000007eb200000, 0x00000007eb200000, 0x00000007eb400000|  0%| F|  |TAMS 0x00000007eb200000| PB 0x00000007eb200000| Untracked 
|1845|0x00000007eb400000, 0x00000007eb400000, 0x00000007eb600000|  0%| F|  |TAMS 0x00000007eb400000| PB 0x00000007eb400000| Untracked 
|1846|0x00000007eb600000, 0x00000007eb600000, 0x00000007eb800000|  0%| F|  |TAMS 0x00000007eb600000| PB 0x00000007eb600000| Untracked 
|1847|0x00000007eb800000, 0x00000007eb800000, 0x00000007eba00000|  0%| F|  |TAMS 0x00000007eb800000| PB 0x00000007eb800000| Untracked 
|1848|0x00000007eba00000, 0x00000007eba00000, 0x00000007ebc00000|  0%| F|  |TAMS 0x00000007eba00000| PB 0x00000007eba00000| Untracked 
|1849|0x00000007ebc00000, 0x00000007ebc00000, 0x00000007ebe00000|  0%| F|  |TAMS 0x00000007ebc00000| PB 0x00000007ebc00000| Untracked 
|1850|0x00000007ebe00000, 0x00000007ebe00000, 0x00000007ec000000|  0%| F|  |TAMS 0x00000007ebe00000| PB 0x00000007ebe00000| Untracked 
|1851|0x00000007ec000000, 0x00000007ec000000, 0x00000007ec200000|  0%| F|  |TAMS 0x00000007ec000000| PB 0x00000007ec000000| Untracked 
|1852|0x00000007ec200000, 0x00000007ec200000, 0x00000007ec400000|  0%| F|  |TAMS 0x00000007ec200000| PB 0x00000007ec200000| Untracked 
|1853|0x00000007ec400000, 0x00000007ec400000, 0x00000007ec600000|  0%| F|  |TAMS 0x00000007ec400000| PB 0x00000007ec400000| Untracked 
|1854|0x00000007ec600000, 0x00000007ec600000, 0x00000007ec800000|  0%| F|  |TAMS 0x00000007ec600000| PB 0x00000007ec600000| Untracked 
|1855|0x00000007ec800000, 0x00000007ec800000, 0x00000007eca00000|  0%| F|  |TAMS 0x00000007ec800000| PB 0x00000007ec800000| Untracked 
|1856|0x00000007eca00000, 0x00000007eca00000, 0x00000007ecc00000|  0%| F|  |TAMS 0x00000007eca00000| PB 0x00000007eca00000| Untracked 
|1857|0x00000007ecc00000, 0x00000007ecc00000, 0x00000007ece00000|  0%| F|  |TAMS 0x00000007ecc00000| PB 0x00000007ecc00000| Untracked 
|1858|0x00000007ece00000, 0x00000007ece00000, 0x00000007ed000000|  0%| F|  |TAMS 0x00000007ece00000| PB 0x00000007ece00000| Untracked 
|1859|0x00000007ed000000, 0x00000007ed000000, 0x00000007ed200000|  0%| F|  |TAMS 0x00000007ed000000| PB 0x00000007ed000000| Untracked 
|1860|0x00000007ed200000, 0x00000007ed200000, 0x00000007ed400000|  0%| F|  |TAMS 0x00000007ed200000| PB 0x00000007ed200000| Untracked 
|1861|0x00000007ed400000, 0x00000007ed400000, 0x00000007ed600000|  0%| F|  |TAMS 0x00000007ed400000| PB 0x00000007ed400000| Untracked 
|1862|0x00000007ed600000, 0x00000007ed600000, 0x00000007ed800000|  0%| F|  |TAMS 0x00000007ed600000| PB 0x00000007ed600000| Untracked 
|1863|0x00000007ed800000, 0x00000007ed800000, 0x00000007eda00000|  0%| F|  |TAMS 0x00000007ed800000| PB 0x00000007ed800000| Untracked 
|1864|0x00000007eda00000, 0x00000007eda00000, 0x00000007edc00000|  0%| F|  |TAMS 0x00000007eda00000| PB 0x00000007eda00000| Untracked 
|1865|0x00000007edc00000, 0x00000007edc00000, 0x00000007ede00000|  0%| F|  |TAMS 0x00000007edc00000| PB 0x00000007edc00000| Untracked 
|1866|0x00000007ede00000, 0x00000007ede00000, 0x00000007ee000000|  0%| F|  |TAMS 0x00000007ede00000| PB 0x00000007ede00000| Untracked 
|1867|0x00000007ee000000, 0x00000007ee000000, 0x00000007ee200000|  0%| F|  |TAMS 0x00000007ee000000| PB 0x00000007ee000000| Untracked 
|1868|0x00000007ee200000, 0x00000007ee200000, 0x00000007ee400000|  0%| F|  |TAMS 0x00000007ee200000| PB 0x00000007ee200000| Untracked 
|1869|0x00000007ee400000, 0x00000007ee400000, 0x00000007ee600000|  0%| F|  |TAMS 0x00000007ee400000| PB 0x00000007ee400000| Untracked 
|1870|0x00000007ee600000, 0x00000007ee600000, 0x00000007ee800000|  0%| F|  |TAMS 0x00000007ee600000| PB 0x00000007ee600000| Untracked 
|1871|0x00000007ee800000, 0x00000007ee800000, 0x00000007eea00000|  0%| F|  |TAMS 0x00000007ee800000| PB 0x00000007ee800000| Untracked 
|1872|0x00000007eea00000, 0x00000007eea00000, 0x00000007eec00000|  0%| F|  |TAMS 0x00000007eea00000| PB 0x00000007eea00000| Untracked 
|1873|0x00000007eec00000, 0x00000007eec00000, 0x00000007eee00000|  0%| F|  |TAMS 0x00000007eec00000| PB 0x00000007eec00000| Untracked 
|1874|0x00000007eee00000, 0x00000007eee00000, 0x00000007ef000000|  0%| F|  |TAMS 0x00000007eee00000| PB 0x00000007eee00000| Untracked 
|1875|0x00000007ef000000, 0x00000007ef000000, 0x00000007ef200000|  0%| F|  |TAMS 0x00000007ef000000| PB 0x00000007ef000000| Untracked 
|1876|0x00000007ef200000, 0x00000007ef200000, 0x00000007ef400000|  0%| F|  |TAMS 0x00000007ef200000| PB 0x00000007ef200000| Untracked 
|1877|0x00000007ef400000, 0x00000007ef400000, 0x00000007ef600000|  0%| F|  |TAMS 0x00000007ef400000| PB 0x00000007ef400000| Untracked 
|1878|0x00000007ef600000, 0x00000007ef600000, 0x00000007ef800000|  0%| F|  |TAMS 0x00000007ef600000| PB 0x00000007ef600000| Untracked 
|1879|0x00000007ef800000, 0x00000007ef800000, 0x00000007efa00000|  0%| F|  |TAMS 0x00000007ef800000| PB 0x00000007ef800000| Untracked 
|1880|0x00000007efa00000, 0x00000007efa00000, 0x00000007efc00000|  0%| F|  |TAMS 0x00000007efa00000| PB 0x00000007efa00000| Untracked 

Card table byte_map: [0x0000000016320000,0x0000000016b00000] _byte_map_base: 0x0000000012afb000

Marking Bits: (CMBitMap*) 0x0000000002471a00
 Bits: [0x0000000016b00000, 0x000000001a9d8000)

Polling page: 0x0000000000a50000

Metaspace:

Usage:
  Non-class:     46.66 MB used.
      Class:      5.97 MB used.
       Both:     52.63 MB used.

Virtual space:
  Non-class space:       64.00 MB reserved,      47.00 MB ( 73%) committed,  1 nodes.
      Class space:        1.00 GB reserved,       6.25 MB ( <1%) committed,  1 nodes.
             Both:        1.06 GB reserved,      53.25 MB (  5%) committed. 

Chunk freelists:
   Non-Class:  176.00 KB
       Class:  9.73 MB
        Both:  9.91 MB

MaxMetaspaceSize: unlimited
CompressedClassSpaceSize: 1.00 GB
Initial GC threshold: 21.00 MB
Current GC threshold: 62.19 MB
CDS: off
 - commit_granule_bytes: 65536.
 - commit_granule_words: 8192.
 - virtual_space_node_default_size: 8388608.
 - enlarge_chunks_in_place: 1.
 - use_allocation_guard: 0.


Internal statistics:

num_allocs_failed_limit: 6.
num_arena_births: 722.
num_arena_deaths: 0.
num_vsnodes_births: 2.
num_vsnodes_deaths: 0.
num_space_committed: 852.
num_space_uncommitted: 0.
num_chunks_returned_to_freelist: 6.
num_chunks_taken_from_freelist: 2226.
num_chunk_merges: 3.
num_chunk_splits: 1511.
num_chunks_enlarged: 1174.
num_inconsistent_stats: 0.

CodeHeap 'non-profiled nmethods': size=120000Kb used=3275Kb max_used=3275Kb free=116724Kb
 bounds [0x000000000dd70000, 0x000000000e0b0000, 0x00000000152a0000]
CodeHeap 'profiled nmethods': size=120000Kb used=9265Kb max_used=9265Kb free=110734Kb
 bounds [0x00000000062a0000, 0x0000000006bb0000, 0x000000000d7d0000]
CodeHeap 'non-nmethods': size=5760Kb used=1729Kb max_used=1781Kb free=4030Kb
 bounds [0x000000000d7d0000, 0x000000000da40000, 0x000000000dd70000]
 total_blobs=5366 nmethods=4753 adapters=517
 compilation: enabled
              stopped_count=0, restarted_count=0
 full_count=0

Compilation events (20 events):
Event: 13.573 Thread 0x000000001dae6e00 5328       3       org.apache.kafka.common.metrics.Sensor$$Lambda/0x00000008005d1290::get (8 bytes)
Event: 13.573 Thread 0x000000001dae6e00 nmethod 5328 0x0000000006ba4310 code [0x0000000006ba44c0, 0x0000000006ba4628]
Event: 13.573 Thread 0x000000001dae6e00 5329       3       org.apache.kafka.common.metrics.Sensor::lambda$add$0 (2 bytes)
Event: 13.574 Thread 0x000000001dae6e00 nmethod 5329 0x0000000006ba4710 code [0x0000000006ba48a0, 0x0000000006ba4990]
Event: 13.574 Thread 0x000000001dae6e00 5330       3       org.apache.kafka.common.metrics.stats.Meter::record (44 bytes)
Event: 13.574 Thread 0x000000001dae6e00 nmethod 5330 0x0000000006ba4a10 code [0x0000000006ba4c00, 0x0000000006ba4fd0]
Event: 13.868 Thread 0x000000001dae6e00 5331       3       java.util.stream.Collectors$$Lambda/0x00000008000b5798::get (8 bytes)
Event: 13.869 Thread 0x000000001dae6e00 nmethod 5331 0x0000000006ba5110 code [0x0000000006ba52e0, 0x0000000006ba5630]
Event: 13.869 Thread 0x000000001dae6e00 5332       1       org.apache.kafka.common.network.PlaintextTransportLayer::ready (2 bytes)
Event: 13.869 Thread 0x000000001dae6e00 nmethod 5332 0x000000000e0a2090 code [0x000000000e0a2220, 0x000000000e0a22e8]
Event: 13.869 Thread 0x000000001dae6e00 5333       1       org.apache.kafka.common.network.PlaintextChannelBuilder$PlaintextAuthenticator::complete (2 bytes)
Event: 13.869 Thread 0x000000001dae6e00 nmethod 5333 0x000000000e0a2390 code [0x000000000e0a2520, 0x000000000e0a25e8]
Event: 13.869 Thread 0x000000001dae6e00 5334       1       org.apache.kafka.common.network.KafkaChannel::id (5 bytes)
Event: 13.870 Thread 0x000000001dae6e00 nmethod 5334 0x000000000e0a2690 code [0x000000000e0a2820, 0x000000000e0a28f0]
Event: 13.976 Thread 0x000000001dae6e00 5335       3       java.util.stream.Collectors::toList (26 bytes)
Event: 13.977 Thread 0x000000001dae6e00 nmethod 5335 0x0000000006ba5790 code [0x0000000006ba59a0, 0x0000000006ba5f30]
Event: 14.343 Thread 0x000000001dae6e00 5336   !   3       java.text.SimpleDateFormat::zeroPaddingNumber (270 bytes)
Event: 14.346 Thread 0x000000001dae6e00 nmethod 5336 0x0000000006ba6110 code [0x0000000006ba6500, 0x0000000006ba8190]
Event: 15.011 Thread 0x000000001dae6e00 5337       3       java.nio.channels.spi.AbstractInterruptibleChannel::isOpen (13 bytes)
Event: 15.011 Thread 0x000000001dae6e00 nmethod 5337 0x0000000006ba8e90 code [0x0000000006ba9020, 0x0000000006ba9188]

GC Heap History (20 events):
Event: 3.087 GC heap before
{Heap before GC invocations=2 (full 0):
 garbage-first heap   total 258048K, used 12272K [0x0000000704a00000, 0x0000000800000000)
  region size 2048K, 5 young (10240K), 1 survivors (2048K)
 Metaspace       used 21284K, committed 21504K, reserved 1114112K
  class space    used 2190K, committed 2304K, reserved 1048576K
}
Event: 3.089 GC heap after
{Heap after GC invocations=3 (full 0):
 garbage-first heap   total 258048K, used 8275K [0x0000000704a00000, 0x0000000800000000)
  region size 2048K, 1 young (2048K), 1 survivors (2048K)
 Metaspace       used 21284K, committed 21504K, reserved 1114112K
  class space    used 2190K, committed 2304K, reserved 1048576K
}
Event: 3.467 GC heap before
{Heap before GC invocations=4 (full 0):
 garbage-first heap   total 40960K, used 30803K [0x0000000704a00000, 0x0000000800000000)
  region size 2048K, 12 young (24576K), 1 survivors (2048K)
 Metaspace       used 25892K, committed 26112K, reserved 1114112K
  class space    used 2788K, committed 2880K, reserved 1048576K
}
Event: 3.470 GC heap after
{Heap after GC invocations=5 (full 0):
 garbage-first heap   total 40960K, used 9877K [0x0000000704a00000, 0x0000000800000000)
  region size 2048K, 2 young (4096K), 2 survivors (4096K)
 Metaspace       used 25892K, committed 26112K, reserved 1114112K
  class space    used 2788K, committed 2880K, reserved 1048576K
}
Event: 3.864 GC heap before
{Heap before GC invocations=5 (full 0):
 garbage-first heap   total 40960K, used 26261K [0x0000000704a00000, 0x0000000800000000)
  region size 2048K, 11 young (22528K), 2 survivors (4096K)
 Metaspace       used 27218K, committed 27456K, reserved 1114112K
  class space    used 2926K, committed 3072K, reserved 1048576K
}
Event: 3.868 GC heap after
{Heap after GC invocations=6 (full 0):
 garbage-first heap   total 40960K, used 11182K [0x0000000704a00000, 0x0000000800000000)
  region size 2048K, 2 young (4096K), 2 survivors (4096K)
 Metaspace       used 27218K, committed 27456K, reserved 1114112K
  class space    used 2926K, committed 3072K, reserved 1048576K
}
Event: 4.279 GC heap before
{Heap before GC invocations=6 (full 0):
 garbage-first heap   total 40960K, used 27566K [0x0000000704a00000, 0x0000000800000000)
  region size 2048K, 11 young (22528K), 2 survivors (4096K)
 Metaspace       used 29132K, committed 29376K, reserved 1114112K
  class space    used 3170K, committed 3264K, reserved 1048576K
}
Event: 4.281 GC heap after
{Heap after GC invocations=7 (full 0):
 garbage-first heap   total 40960K, used 11877K [0x0000000704a00000, 0x0000000800000000)
  region size 2048K, 2 young (4096K), 2 survivors (4096K)
 Metaspace       used 29132K, committed 29376K, reserved 1114112K
  class space    used 3170K, committed 3264K, reserved 1048576K
}
Event: 4.740 GC heap before
{Heap before GC invocations=7 (full 0):
 garbage-first heap   total 40960K, used 30309K [0x0000000704a00000, 0x0000000800000000)
  region size 2048K, 11 young (22528K), 2 survivors (4096K)
 Metaspace       used 32843K, committed 33088K, reserved 1114112K
  class space    used 3662K, committed 3776K, reserved 1048576K
}
Event: 4.745 GC heap after
{Heap after GC invocations=8 (full 0):
 garbage-first heap   total 40960K, used 14284K [0x0000000704a00000, 0x0000000800000000)
  region size 2048K, 2 young (4096K), 2 survivors (4096K)
 Metaspace       used 32843K, committed 33088K, reserved 1114112K
  class space    used 3662K, committed 3776K, reserved 1048576K
}
Event: 5.117 GC heap before
{Heap before GC invocations=8 (full 0):
 garbage-first heap   total 40960K, used 26572K [0x0000000704a00000, 0x0000000800000000)
  region size 2048K, 9 young (18432K), 2 survivors (4096K)
 Metaspace       used 35736K, committed 36096K, reserved 1114112K
  class space    used 4035K, committed 4224K, reserved 1048576K
}
Event: 5.121 GC heap after
{Heap after GC invocations=9 (full 0):
 garbage-first heap   total 40960K, used 15959K [0x0000000704a00000, 0x0000000800000000)
  region size 2048K, 1 young (2048K), 1 survivors (2048K)
 Metaspace       used 35736K, committed 36096K, reserved 1114112K
  class space    used 4035K, committed 4224K, reserved 1048576K
}
Event: 5.294 GC heap before
{Heap before GC invocations=10 (full 0):
 garbage-first heap   total 40960K, used 30295K [0x0000000704a00000, 0x0000000800000000)
  region size 2048K, 9 young (18432K), 1 survivors (2048K)
 Metaspace       used 37198K, committed 37568K, reserved 1114112K
  class space    used 4184K, committed 4352K, reserved 1048576K
}
Event: 5.297 GC heap after
{Heap after GC invocations=11 (full 0):
 garbage-first heap   total 40960K, used 21664K [0x0000000704a00000, 0x0000000800000000)
  region size 2048K, 2 young (4096K), 2 survivors (4096K)
 Metaspace       used 37198K, committed 37568K, reserved 1114112K
  class space    used 4184K, committed 4352K, reserved 1048576K
}
Event: 5.357 GC heap before
{Heap before GC invocations=11 (full 0):
 garbage-first heap   total 40960K, used 29856K [0x0000000704a00000, 0x0000000800000000)
  region size 2048K, 7 young (14336K), 2 survivors (4096K)
 Metaspace       used 37206K, committed 37568K, reserved 1114112K
  class space    used 4184K, committed 4352K, reserved 1048576K
}
Event: 5.360 GC heap after
{Heap after GC invocations=12 (full 0):
 garbage-first heap   total 40960K, used 22809K [0x0000000704a00000, 0x0000000800000000)
  region size 2048K, 1 young (2048K), 1 survivors (2048K)
 Metaspace       used 37206K, committed 37568K, reserved 1114112K
  class space    used 4184K, committed 4352K, reserved 1048576K
}
Event: 5.502 GC heap before
{Heap before GC invocations=12 (full 0):
 garbage-first heap   total 40960K, used 28953K [0x0000000704a00000, 0x0000000800000000)
  region size 2048K, 5 young (10240K), 1 survivors (2048K)
 Metaspace       used 37887K, committed 38208K, reserved 1114112K
  class space    used 4244K, committed 4416K, reserved 1048576K
}
Event: 5.504 GC heap after
{Heap after GC invocations=13 (full 0):
 garbage-first heap   total 149504K, used 22882K [0x0000000704a00000, 0x0000000800000000)
  region size 2048K, 1 young (2048K), 1 survivors (2048K)
 Metaspace       used 37887K, committed 38208K, reserved 1114112K
  class space    used 4244K, committed 4416K, reserved 1048576K
}
Event: 7.796 GC heap before
{Heap before GC invocations=14 (full 0):
 garbage-first heap   total 102400K, used 80226K [0x0000000704a00000, 0x0000000800000000)
  region size 2048K, 30 young (61440K), 1 survivors (2048K)
 Metaspace       used 46667K, committed 47232K, reserved 1114112K
  class space    used 5489K, committed 5760K, reserved 1048576K
}
Event: 7.802 GC heap after
{Heap after GC invocations=15 (full 0):
 garbage-first heap   total 102400K, used 27775K [0x0000000704a00000, 0x0000000800000000)
  region size 2048K, 3 young (6144K), 3 survivors (6144K)
 Metaspace       used 46667K, committed 47232K, reserved 1114112K
  class space    used 5489K, committed 5760K, reserved 1048576K
}

Dll operation events (11 events):
Event: 0.079 Loaded shared library E:\Spring boot Tools\sts-4.23.1.RELEASE\plugins\org.eclipse.justj.openjdk.hotspot.jre.full.win32.x86_64_21.0.3.v20240426-1530\jre\bin\java.dll
Event: 0.095 Loaded shared library E:\Spring boot Tools\sts-4.23.1.RELEASE\plugins\org.eclipse.justj.openjdk.hotspot.jre.full.win32.x86_64_21.0.3.v20240426-1530\jre\bin\zip.dll
Event: 0.424 Loaded shared library E:\Spring boot Tools\sts-4.23.1.RELEASE\plugins\org.eclipse.justj.openjdk.hotspot.jre.full.win32.x86_64_21.0.3.v20240426-1530\jre\bin\net.dll
Event: 0.438 Loaded shared library E:\Spring boot Tools\sts-4.23.1.RELEASE\plugins\org.eclipse.justj.openjdk.hotspot.jre.full.win32.x86_64_21.0.3.v20240426-1530\jre\bin\nio.dll
Event: 0.448 Loaded shared library E:\Spring boot Tools\sts-4.23.1.RELEASE\plugins\org.eclipse.justj.openjdk.hotspot.jre.full.win32.x86_64_21.0.3.v20240426-1530\jre\bin\zip.dll
Event: 0.770 Loaded shared library E:\Spring boot Tools\sts-4.23.1.RELEASE\plugins\org.eclipse.justj.openjdk.hotspot.jre.full.win32.x86_64_21.0.3.v20240426-1530\jre\bin\verify.dll
Event: 0.780 Loaded shared library E:\Spring boot Tools\sts-4.23.1.RELEASE\plugins\org.eclipse.justj.openjdk.hotspot.jre.full.win32.x86_64_21.0.3.v20240426-1530\jre\bin\jimage.dll
Event: 1.298 Loaded shared library E:\Spring boot Tools\sts-4.23.1.RELEASE\plugins\org.eclipse.justj.openjdk.hotspot.jre.full.win32.x86_64_21.0.3.v20240426-1530\jre\bin\management.dll
Event: 1.309 Loaded shared library E:\Spring boot Tools\sts-4.23.1.RELEASE\plugins\org.eclipse.justj.openjdk.hotspot.jre.full.win32.x86_64_21.0.3.v20240426-1530\jre\bin\management_ext.dll
Event: 5.095 Loaded shared library E:\Spring boot Tools\sts-4.23.1.RELEASE\plugins\org.eclipse.justj.openjdk.hotspot.jre.full.win32.x86_64_21.0.3.v20240426-1530\jre\bin\sunmscapi.dll
Event: 6.543 Loaded shared library E:\Spring boot Tools\sts-4.23.1.RELEASE\plugins\org.eclipse.justj.openjdk.hotspot.jre.full.win32.x86_64_21.0.3.v20240426-1530\jre\bin\extnet.dll

Deoptimization events (20 events):
Event: 11.228 Thread 0x0000000023d39760 Uncommon trap: trap_request=0xffffff45 fr.pc=0x000000000ddb0c84 relative=0x0000000000000724
Event: 11.228 Thread 0x0000000023d39760 Uncommon trap: reason=unstable_if action=reinterpret pc=0x000000000ddb0c84 method=java.lang.AbstractStringBuilder.append(Ljava/lang/String;)Ljava/lang/AbstractStringBuilder; @ 1 c2
Event: 11.228 Thread 0x0000000023d39760 DEOPT PACKING pc=0x000000000ddb0c84 sp=0x0000000028a5e990
Event: 11.228 Thread 0x0000000023d39760 DEOPT UNPACKING pc=0x000000000d827da2 sp=0x0000000028a5e968 mode 2
Event: 11.236 Thread 0x00000000231f5490 Uncommon trap: trap_request=0xffffffde fr.pc=0x000000000e0501f0 relative=0x00000000000055d0
Event: 11.236 Thread 0x00000000231f5490 Uncommon trap: reason=class_check action=maybe_recompile pc=0x000000000e0501f0 method=org.springframework.core.ResolvableType.resolveType()Lorg/springframework/core/ResolvableType; @ 45 c2
Event: 11.236 Thread 0x00000000231f5490 DEOPT PACKING pc=0x000000000e0501f0 sp=0x0000000024e6e720
Event: 11.236 Thread 0x00000000231f5490 DEOPT UNPACKING pc=0x000000000d827da2 sp=0x0000000024e6e730 mode 2
Event: 11.237 Thread 0x00000000231f5490 Uncommon trap: trap_request=0xffffffde fr.pc=0x000000000e0501f0 relative=0x00000000000055d0
Event: 11.237 Thread 0x00000000231f5490 Uncommon trap: reason=class_check action=maybe_recompile pc=0x000000000e0501f0 method=org.springframework.core.ResolvableType.resolveType()Lorg/springframework/core/ResolvableType; @ 45 c2
Event: 11.237 Thread 0x00000000231f5490 DEOPT PACKING pc=0x000000000e0501f0 sp=0x0000000024e6e810
Event: 11.237 Thread 0x00000000231f5490 DEOPT UNPACKING pc=0x000000000d827da2 sp=0x0000000024e6e820 mode 2
Event: 11.238 Thread 0x00000000231f5490 Uncommon trap: trap_request=0xffffffde fr.pc=0x000000000e0501f0 relative=0x00000000000055d0
Event: 11.238 Thread 0x00000000231f5490 Uncommon trap: reason=class_check action=maybe_recompile pc=0x000000000e0501f0 method=org.springframework.core.ResolvableType.resolveType()Lorg/springframework/core/ResolvableType; @ 45 c2
Event: 11.238 Thread 0x00000000231f5490 DEOPT PACKING pc=0x000000000e0501f0 sp=0x0000000024e6e7f0
Event: 11.238 Thread 0x00000000231f5490 DEOPT UNPACKING pc=0x000000000d827da2 sp=0x0000000024e6e800 mode 2
Event: 11.238 Thread 0x00000000231f5490 Uncommon trap: trap_request=0xffffffde fr.pc=0x000000000e0501f0 relative=0x00000000000055d0
Event: 11.238 Thread 0x00000000231f5490 Uncommon trap: reason=class_check action=maybe_recompile pc=0x000000000e0501f0 method=org.springframework.core.ResolvableType.resolveType()Lorg/springframework/core/ResolvableType; @ 45 c2
Event: 11.238 Thread 0x00000000231f5490 DEOPT PACKING pc=0x000000000e0501f0 sp=0x0000000024e6e780
Event: 11.238 Thread 0x00000000231f5490 DEOPT UNPACKING pc=0x000000000d827da2 sp=0x0000000024e6e790 mode 2

Classes loaded (20 events):
Event: 8.936 Loading class java/util/ArrayDeque$DescendingIterator
Event: 8.936 Loading class java/util/ArrayDeque$DescendingIterator done
Event: 9.105 Loading class javax/management/ObjectName$PatternProperty
Event: 9.105 Loading class javax/management/ObjectName$PatternProperty done
Event: 11.230 Loading class com/sun/jmx/interceptor/DefaultMBeanServerInterceptor$ListenerWrapper
Event: 11.231 Loading class com/sun/jmx/interceptor/DefaultMBeanServerInterceptor$ListenerWrapper done
Event: 11.231 Loading class javax/management/NotificationBroadcasterSupport$ListenerInfo
Event: 11.231 Loading class javax/management/NotificationBroadcasterSupport$ListenerInfo done
Event: 11.248 Loading class java/beans/ThreadGroupContext
Event: 11.249 Loading class java/beans/ThreadGroupContext done
Event: 11.249 Loading class java/beans/ThreadGroupContext$1
Event: 11.249 Loading class java/beans/WeakIdentityMap
Event: 11.249 Loading class java/beans/WeakIdentityMap done
Event: 11.249 Loading class java/beans/ThreadGroupContext$1 done
Event: 11.249 Loading class java/beans/WeakIdentityMap$Entry
Event: 11.249 Loading class java/beans/WeakIdentityMap$Entry done
Event: 11.254 Loading class java/util/concurrent/Future$State
Event: 11.254 Loading class java/util/concurrent/Future$State done
Event: 13.428 Loading class java/util/concurrent/ConcurrentLinkedQueue$CLQSpliterator
Event: 13.437 Loading class java/util/concurrent/ConcurrentLinkedQueue$CLQSpliterator done

Classes unloaded (0 events):
No events

Classes redefined (0 events):
No events

Internal exceptions (20 events):
Event: 7.658 Thread 0x00000000231f5490 Exception <a 'java/lang/NoSuchMethodError'{0x0000000707b7ed98}: 'void java.lang.invoke.DelegatingMethodHandle$Holder.reinvoke_L(java.lang.Object, java.lang.Object, double)'> (0x0000000707b7ed98) 
thrown [s\src\hotspot\share\interpreter\linkResolver.cpp, line 773]
Event: 7.659 Thread 0x00000000231f5490 Exception <a 'java/lang/NoSuchMethodError'{0x0000000707b8cc00}: 'long java.lang.invoke.DelegatingMethodHandle$Holder.reinvoke_L(java.lang.Object, java.lang.Object)'> (0x0000000707b8cc00) 
thrown [s\src\hotspot\share\interpreter\linkResolver.cpp, line 773]
Event: 7.660 Thread 0x00000000231f5490 Exception <a 'java/lang/NoSuchMethodError'{0x0000000707b96c20}: 'long java.lang.invoke.DirectMethodHandle$Holder.invokeStatic(java.lang.Object, java.lang.Object, int)'> (0x0000000707b96c20) 
thrown [s\src\hotspot\share\interpreter\linkResolver.cpp, line 773]
Event: 7.660 Thread 0x00000000231f5490 Exception <a 'java/lang/NoSuchMethodError'{0x0000000707ba13f0}: 'void java.lang.invoke.DelegatingMethodHandle$Holder.reinvoke_L(java.lang.Object, java.lang.Object, long)'> (0x0000000707ba13f0) 
thrown [s\src\hotspot\share\interpreter\linkResolver.cpp, line 773]
Event: 7.662 Thread 0x00000000231f5490 Exception <a 'java/lang/NoSuchMethodError'{0x0000000707bbb418}: 'float java.lang.invoke.DirectMethodHandle$Holder.invokeVirtual(java.lang.Object, java.lang.Object)'> (0x0000000707bbb418) 
thrown [s\src\hotspot\share\interpreter\linkResolver.cpp, line 773]
Event: 7.663 Thread 0x00000000231f5490 Exception <a 'java/lang/NoSuchMethodError'{0x0000000707bc29e8}: 'float java.lang.invoke.DelegatingMethodHandle$Holder.reinvoke_L(java.lang.Object, java.lang.Object)'> (0x0000000707bc29e8) 
thrown [s\src\hotspot\share\interpreter\linkResolver.cpp, line 773]
Event: 7.663 Thread 0x00000000231f5490 Exception <a 'java/lang/NoSuchMethodError'{0x0000000707bd3f70}: 'float java.lang.invoke.DelegatingMethodHandle$Holder.reinvoke_L(java.lang.Object, java.lang.Object, int)'> (0x0000000707bd3f70) 
thrown [s\src\hotspot\share\interpreter\linkResolver.cpp, line 773]
Event: 7.664 Thread 0x00000000231f5490 Exception <a 'java/lang/NoSuchMethodError'{0x0000000707bddbc0}: 'void java.lang.invoke.DelegatingMethodHandle$Holder.reinvoke_L(java.lang.Object, java.lang.Object, float)'> (0x0000000707bddbc0) 
thrown [s\src\hotspot\share\interpreter\linkResolver.cpp, line 773]
Event: 7.686 Thread 0x00000000231f5490 Exception <a 'java/lang/NoSuchMethodError'{0x00000007078fa210}: 'java.lang.Object java.lang.invoke.DirectMethodHandle$Holder.newInvokeSpecial(java.lang.Object, java.lang.Object, int, java.lang.Object, java.lang.Object)'> (0x00000007078fa210) 
thrown [s\src\hotspot\share\interpreter\linkResolver.cpp, line 773]
Event: 7.687 Thread 0x00000000231f5490 Exception <a 'java/lang/NoSuchMethodError'{0x0000000707905298}: 'java.lang.Object java.lang.invoke.DirectMethodHandle$Holder.invokeSpecial(java.lang.Object, java.lang.Object, int, java.lang.Object, int, java.lang.Object)'> (0x0000000707905298) 
thrown [s\src\hotspot\share\interpreter\linkResolver.cpp, line 773]
Event: 7.687 Thread 0x00000000231f5490 Exception <a 'java/lang/NoSuchMethodError'{0x000000070790c440}: 'java.lang.Object java.lang.invoke.DirectMethodHandle$Holder.newInvokeSpecial(java.lang.Object, java.lang.Object, int, java.lang.Object, int)'> (0x000000070790c440) 
thrown [s\src\hotspot\share\interpreter\linkResolver.cpp, line 773]
Event: 7.687 Thread 0x00000000231f5490 Exception <a 'java/lang/NoSuchMethodError'{0x00000007079102b0}: 'java.lang.Object java.lang.invoke.DirectMethodHandle$Holder.invokeSpecial(java.lang.Object, java.lang.Object, java.lang.Object, int, java.lang.Object, int)'> (0x00000007079102b0) 
thrown [s\src\hotspot\share\interpreter\linkResolver.cpp, line 773]
Event: 7.753 Thread 0x00000000231f5490 Exception <a 'java/lang/IncompatibleClassChangeError'{0x00000007077e62c8}: Found class java.lang.Object, but interface was expected> (0x00000007077e62c8) 
thrown [s\src\hotspot\share\interpreter\linkResolver.cpp, line 840]
Event: 7.778 Thread 0x00000000231f5490 Implicit null exception at 0x000000000deb0d65 to 0x000000000deb1030
Event: 7.812 Thread 0x000000001dcc4530 Exception <a 'java/lang/NoSuchMethodError'{0x0000000714426fb8}: 'long java.lang.invoke.DirectMethodHandle$Holder.invokeStatic(java.lang.Object, java.lang.Object, java.lang.Object)'> (0x0000000714426fb8) 
thrown [s\src\hotspot\share\interpreter\linkResolver.cpp, line 773]
Event: 8.417 Thread 0x0000000023d39760 Exception <a 'java/lang/NoSuchMethodError'{0x0000000709222668}: 'java.lang.Object java.lang.invoke.DirectMethodHandle$Holder.newInvokeSpecial(java.lang.Object, java.lang.Object, long)'> (0x0000000709222668) 
thrown [s\src\hotspot\share\interpreter\linkResolver.cpp, line 773]
Event: 8.417 Thread 0x0000000023d39760 Exception <a 'java/lang/NoSuchMethodError'{0x0000000709225d50}: 'java.lang.Object java.lang.invoke.Invokers$Holder.linkToTargetMethod(java.lang.Object, long, java.lang.Object)'> (0x0000000709225d50) 
thrown [s\src\hotspot\share\interpreter\linkResolver.cpp, line 773]
Event: 8.419 Thread 0x0000000023d39760 Exception <a 'java/lang/NoSuchMethodError'{0x000000070922da10}: 'java.lang.Object java.lang.invoke.DirectMethodHandle$Holder.newInvokeSpecial(java.lang.Object, long)'> (0x000000070922da10) 
thrown [s\src\hotspot\share\interpreter\linkResolver.cpp, line 773]
Event: 8.960 Thread 0x0000000023d39760 Implicit null exception at 0x000000000ddb3ba4 to 0x000000000ddb4284
Event: 11.228 Thread 0x0000000023d39760 Implicit null exception at 0x000000000ddb05a0 to 0x000000000ddb0c6c

ZGC Phase Switch (0 events):
No events

VM Operations (20 events):
Event: 7.734 Executing VM operation: HandshakeAllThreads (Deoptimize)
Event: 7.735 Executing VM operation: HandshakeAllThreads (Deoptimize) done
Event: 7.788 Executing VM operation: HandshakeAllThreads (Deoptimize)
Event: 7.788 Executing VM operation: HandshakeAllThreads (Deoptimize) done
Event: 7.796 Executing VM operation: G1CollectForAllocation (G1 Evacuation Pause)
Event: 7.802 Executing VM operation: G1CollectForAllocation (G1 Evacuation Pause) done
Event: 7.938 Executing VM operation: HandshakeAllThreads (Deoptimize)
Event: 7.938 Executing VM operation: HandshakeAllThreads (Deoptimize) done
Event: 8.368 Executing VM operation: HandshakeAllThreads (Deoptimize)
Event: 8.368 Executing VM operation: HandshakeAllThreads (Deoptimize) done
Event: 8.369 Executing VM operation: HandshakeAllThreads (Deoptimize)
Event: 8.369 Executing VM operation: HandshakeAllThreads (Deoptimize) done
Event: 9.106 Executing VM operation: HandshakeAllThreads (Deoptimize)
Event: 11.222 Executing VM operation: HandshakeAllThreads (Deoptimize) done
Event: 11.223 Executing VM operation: Cleanup
Event: 11.224 Executing VM operation: Cleanup done
Event: 13.224 Executing VM operation: Cleanup
Event: 13.394 Executing VM operation: Cleanup done
Event: 14.394 Executing VM operation: Cleanup
Event: 14.394 Executing VM operation: Cleanup done

Events (20 events):
Event: 7.584 Thread 0x000000002754e920 Thread added: 0x000000002754e920
Event: 7.997 Thread 0x0000000023d3ab10 Thread added: 0x0000000023d3ab10
Event: 8.004 Thread 0x0000000023d39760 Thread added: 0x0000000023d39760
Event: 8.012 Thread 0x0000000023d3b830 Thread added: 0x0000000023d3b830
Event: 8.013 Thread 0x0000000023d390d0 Thread added: 0x0000000023d390d0
Event: 8.013 Thread 0x0000000023d39df0 Thread added: 0x0000000023d39df0
Event: 8.013 Thread 0x000000002568a1c0 Thread added: 0x000000002568a1c0
Event: 8.014 Thread 0x0000000025686d40 Thread added: 0x0000000025686d40
Event: 8.014 Thread 0x00000000256880f0 Thread added: 0x00000000256880f0
Event: 8.014 Thread 0x00000000256838c0 Thread added: 0x00000000256838c0
Event: 8.014 Thread 0x00000000256845e0 Thread added: 0x00000000256845e0
Event: 8.015 Thread 0x0000000025689b30 Thread added: 0x0000000025689b30
Event: 8.015 Thread 0x0000000025688780 Thread added: 0x0000000025688780
Event: 8.030 Thread 0x0000000025683f50 Thread added: 0x0000000025683f50
Event: 8.032 Thread 0x0000000025688e10 Thread added: 0x0000000025688e10
Event: 9.047 Thread 0x000000002754e920 Thread exited: 0x000000002754e920
Event: 11.248 Thread 0x00000000231f5490 Thread exited: 0x00000000231f5490
Event: 11.254 Thread 0x00000000232b5b30 Thread exited: 0x00000000232b5b30
Event: 11.255 Thread 0x000000000059d8a0 Thread exited: 0x000000000059d8a0
Event: 11.255 Thread 0x0000000025683230 Thread added: 0x0000000025683230


Dynamic libraries:
0x00007ff6d2a10000 - 0x00007ff6d2a1e000 	E:\Spring boot Tools\sts-4.23.1.RELEASE\plugins\org.eclipse.justj.openjdk.hotspot.jre.full.win32.x86_64_21.0.3.v20240426-1530\jre\bin\javaw.exe
0x00007ffacd7b0000 - 0x00007ffacd9c4000 	C:\Windows\SYSTEM32\ntdll.dll
0x00007ffacd500000 - 0x00007ffacd5c4000 	C:\Windows\System32\KERNEL32.DLL
0x00007ffacab60000 - 0x00007ffacaf04000 	C:\Windows\System32\KERNELBASE.dll
0x00007ffacaf90000 - 0x00007ffacb0a1000 	C:\Windows\System32\ucrtbase.dll
0x00007ffabb430000 - 0x00007ffabb448000 	E:\Spring boot Tools\sts-4.23.1.RELEASE\plugins\org.eclipse.justj.openjdk.hotspot.jre.full.win32.x86_64_21.0.3.v20240426-1530\jre\bin\jli.dll
0x00007ffacb700000 - 0x00007ffacb8ae000 	C:\Windows\System32\USER32.dll
0x00007ffacb120000 - 0x00007ffacb146000 	C:\Windows\System32\win32u.dll
0x00007ffacd5d0000 - 0x00007ffacd5f9000 	C:\Windows\System32\GDI32.dll
0x00007ffacb2b0000 - 0x00007ffacb3c8000 	C:\Windows\System32\gdi32full.dll
0x00007ffacb210000 - 0x00007ffacb2aa000 	C:\Windows\System32\msvcp_win.dll
0x00007ffab9e30000 - 0x00007ffab9e4b000 	E:\Spring boot Tools\sts-4.23.1.RELEASE\plugins\org.eclipse.justj.openjdk.hotspot.jre.full.win32.x86_64_21.0.3.v20240426-1530\jre\bin\VCRUNTIME140.dll
0x00007ffab21b0000 - 0x00007ffab2443000 	C:\Windows\WinSxS\amd64_microsoft.windows.common-controls_6595b64144ccf1df_6.0.22621.2215_none_270d72677387dfc3\COMCTL32.dll
0x00007ffaccaa0000 - 0x00007ffaccb47000 	C:\Windows\System32\msvcrt.dll
0x00007ffacc340000 - 0x00007ffacc371000 	C:\Windows\System32\IMM32.DLL
0x00000000009f0000 - 0x0000000000a04000 	C:\Windows\System32\umppc18513.dll
0x00007ffab1d20000 - 0x00007ffab1d2c000 	E:\Spring boot Tools\sts-4.23.1.RELEASE\plugins\org.eclipse.justj.openjdk.hotspot.jre.full.win32.x86_64_21.0.3.v20240426-1530\jre\bin\vcruntime140_1.dll
0x00007ffa60340000 - 0x00007ffa603ce000 	E:\Spring boot Tools\sts-4.23.1.RELEASE\plugins\org.eclipse.justj.openjdk.hotspot.jre.full.win32.x86_64_21.0.3.v20240426-1530\jre\bin\msvcp140.dll
0x00007ff9f6d40000 - 0x00007ff9f7ac2000 	E:\Spring boot Tools\sts-4.23.1.RELEASE\plugins\org.eclipse.justj.openjdk.hotspot.jre.full.win32.x86_64_21.0.3.v20240426-1530\jre\bin\server\jvm.dll
0x00007ffacba20000 - 0x00007ffacbad0000 	C:\Windows\System32\ADVAPI32.dll
0x00007ffacbc70000 - 0x00007ffacbd16000 	C:\Windows\System32\sechost.dll
0x00007ffacd600000 - 0x00007ffacd717000 	C:\Windows\System32\RPCRT4.dll
0x00007ffacca00000 - 0x00007ffacca71000 	C:\Windows\System32\WS2_32.dll
0x00007ffac99f0000 - 0x00007ffac9a3d000 	C:\Windows\SYSTEM32\POWRPROF.dll
0x00007ffabd4b0000 - 0x00007ffabd4e4000 	C:\Windows\SYSTEM32\WINMM.dll
0x00007ffabf050000 - 0x00007ffabf05a000 	C:\Windows\SYSTEM32\VERSION.dll
0x00007ffac99b0000 - 0x00007ffac99c3000 	C:\Windows\SYSTEM32\UMPDC.dll
0x00007ffac9c60000 - 0x00007ffac9c78000 	C:\Windows\SYSTEM32\kernel.appcore.dll
0x00007ffac31b0000 - 0x00007ffac31ba000 	E:\Spring boot Tools\sts-4.23.1.RELEASE\plugins\org.eclipse.justj.openjdk.hotspot.jre.full.win32.x86_64_21.0.3.v20240426-1530\jre\bin\jimage.dll
0x00007ffac8520000 - 0x00007ffac874e000 	C:\Windows\SYSTEM32\DBGHELP.DLL
0x00007ffacc590000 - 0x00007ffacc91a000 	C:\Windows\System32\combase.dll
0x00007ffaccb50000 - 0x00007ffaccc27000 	C:\Windows\System32\OLEAUT32.dll
0x00007ffaa5820000 - 0x00007ffaa5852000 	C:\Windows\SYSTEM32\dbgcore.DLL
0x00007ffacaf10000 - 0x00007ffacaf8a000 	C:\Windows\System32\bcryptPrimitives.dll
0x00007ffab1f90000 - 0x00007ffab1fca000 	C:\Program Files\CyberArk\Endpoint Privilege Manager\Agent\PASAgent\SFDP_Detours64.dll
0x00007ffabc7d0000 - 0x00007ffabc7ef000 	E:\Spring boot Tools\sts-4.23.1.RELEASE\plugins\org.eclipse.justj.openjdk.hotspot.jre.full.win32.x86_64_21.0.3.v20240426-1530\jre\bin\java.dll
0x00007ffabc720000 - 0x00007ffabc738000 	E:\Spring boot Tools\sts-4.23.1.RELEASE\plugins\org.eclipse.justj.openjdk.hotspot.jre.full.win32.x86_64_21.0.3.v20240426-1530\jre\bin\zip.dll
0x00007ffaccc30000 - 0x00007ffacd453000 	C:\Windows\System32\SHELL32.dll
0x00007ffac88d0000 - 0x00007ffac91ba000 	C:\Windows\SYSTEM32\windows.storage.dll
0x00007ffac8790000 - 0x00007ffac88ce000 	C:\Windows\SYSTEM32\wintypes.dll
0x00007ffacc220000 - 0x00007ffacc313000 	C:\Windows\System32\SHCORE.dll
0x00007ffacc9a0000 - 0x00007ffacc9fe000 	C:\Windows\System32\shlwapi.dll
0x00007ffacaa90000 - 0x00007ffacaab6000 	C:\Windows\SYSTEM32\profapi.dll
0x00007ffa96430000 - 0x00007ffa96495000 	C:\Program Files\Manufacturer\Endpoint Agent\prntm64.dll
0x00007ffacbad0000 - 0x00007ffacbc6e000 	C:\Windows\System32\ole32.dll
0x00007ffac9a50000 - 0x00007ffac9a5c000 	C:\Windows\SYSTEM32\Secur32.dll
0x00007ffaab390000 - 0x00007ffaab42f000 	C:\Windows\SYSTEM32\WINSPOOL.DRV
0x00007ffac9ec0000 - 0x00007ffac9f02000 	C:\Windows\SYSTEM32\SSPICLI.DLL
0x00007ffac2c80000 - 0x00007ffac2c90000 	E:\Spring boot Tools\sts-4.23.1.RELEASE\plugins\org.eclipse.justj.openjdk.hotspot.jre.full.win32.x86_64_21.0.3.v20240426-1530\jre\bin\net.dll
0x00007ffac7c30000 - 0x00007ffac7d67000 	C:\Windows\SYSTEM32\WINHTTP.dll
0x00007ffaca0d0000 - 0x00007ffaca139000 	C:\Windows\system32\mswsock.dll
0x00007ffab1d00000 - 0x00007ffab1d16000 	E:\Spring boot Tools\sts-4.23.1.RELEASE\plugins\org.eclipse.justj.openjdk.hotspot.jre.full.win32.x86_64_21.0.3.v20240426-1530\jre\bin\nio.dll
0x00007ffab9e20000 - 0x00007ffab9e30000 	E:\Spring boot Tools\sts-4.23.1.RELEASE\plugins\org.eclipse.justj.openjdk.hotspot.jre.full.win32.x86_64_21.0.3.v20240426-1530\jre\bin\verify.dll
0x00007ffabb420000 - 0x00007ffabb42a000 	E:\Spring boot Tools\sts-4.23.1.RELEASE\plugins\org.eclipse.justj.openjdk.hotspot.jre.full.win32.x86_64_21.0.3.v20240426-1530\jre\bin\management.dll
0x00007ffab05b0000 - 0x00007ffab05bb000 	E:\Spring boot Tools\sts-4.23.1.RELEASE\plugins\org.eclipse.justj.openjdk.hotspot.jre.full.win32.x86_64_21.0.3.v20240426-1530\jre\bin\management_ext.dll
0x00007ffacd4f0000 - 0x00007ffacd4f8000 	C:\Windows\System32\PSAPI.DLL
0x00007ffac9480000 - 0x00007ffac94ad000 	C:\Windows\SYSTEM32\IPHLPAPI.DLL
0x00007ffacc320000 - 0x00007ffacc329000 	C:\Windows\System32\NSI.dll
0x00007ffac94f0000 - 0x00007ffac95e2000 	C:\Windows\SYSTEM32\DNSAPI.dll
0x00007ffaabc20000 - 0x00007ffaabc37000 	C:\Windows\system32\napinsp.dll
0x00007ffaabda0000 - 0x00007ffaabdbb000 	C:\Windows\system32\pnrpnsp.dll
0x00007ffaabec0000 - 0x00007ffaabed1000 	C:\Windows\System32\winrnr.dll
0x00007ffabf160000 - 0x00007ffabf175000 	C:\Windows\system32\wshbth.dll
0x00007ffaabdc0000 - 0x00007ffaabde1000 	C:\Windows\system32\nlansp_c.dll
0x00007ffabee30000 - 0x00007ffabee3a000 	C:\Windows\System32\rasadhlp.dll
0x00007ffac02a0000 - 0x00007ffac0324000 	C:\Windows\System32\fwpuclnt.dll
0x00007ffaca3f0000 - 0x00007ffaca40b000 	C:\Windows\SYSTEM32\CRYPTSP.dll
0x00007ffac9bd0000 - 0x00007ffac9c05000 	C:\Windows\system32\rsaenh.dll
0x00007ffaca170000 - 0x00007ffaca19c000 	C:\Windows\SYSTEM32\USERENV.dll
0x00007ffaca530000 - 0x00007ffaca558000 	C:\Windows\SYSTEM32\bcrypt.dll
0x00007ffaca3d0000 - 0x00007ffaca3dc000 	C:\Windows\SYSTEM32\CRYPTBASE.dll
0x00007ffab02a0000 - 0x00007ffab02ae000 	E:\Spring boot Tools\sts-4.23.1.RELEASE\plugins\org.eclipse.justj.openjdk.hotspot.jre.full.win32.x86_64_21.0.3.v20240426-1530\jre\bin\sunmscapi.dll
0x00007ffacb3d0000 - 0x00007ffacb536000 	C:\Windows\System32\CRYPT32.dll
0x00007ffaca500000 - 0x00007ffaca52e000 	C:\Windows\SYSTEM32\ncrypt.dll
0x00007ffaca4c0000 - 0x00007ffaca4f7000 	C:\Windows\SYSTEM32\NTASN1.dll
0x00007ffa9f620000 - 0x00007ffa9f629000 	E:\Spring boot Tools\sts-4.23.1.RELEASE\plugins\org.eclipse.justj.openjdk.hotspot.jre.full.win32.x86_64_21.0.3.v20240426-1530\jre\bin\extnet.dll
0x00007ffaab7c0000 - 0x00007ffaab7c8000 	C:\Windows\system32\wshunix.dll

dbghelp: loaded successfully - version: 4.0.5 - missing functions: none
symbol engine: initialized successfully - sym options: 0x614 - pdb path: .;E:\Spring boot Tools\sts-4.23.1.RELEASE\plugins\org.eclipse.justj.openjdk.hotspot.jre.full.win32.x86_64_21.0.3.v20240426-1530\jre\bin;C:\Windows\SYSTEM32;C:\Windows\WinSxS\amd64_microsoft.windows.common-controls_6595b64144ccf1df_6.0.22621.2215_none_270d72677387dfc3;E:\Spring boot Tools\sts-4.23.1.RELEASE\plugins\org.eclipse.justj.openjdk.hotspot.jre.full.win32.x86_64_21.0.3.v20240426-1530\jre\bin\server;C:\Program Files\CyberArk\Endpoint Privilege Manager\Agent\PASAgent;C:\Program Files\Manufacturer\Endpoint Agent

VM Arguments:
jvm_args: -Dfile.encoding=UTF-8 -Dstdout.encoding=UTF-8 -Dstderr.encoding=UTF-8 -XX:+ShowCodeDetailsInExceptionMessages 
java_command: com.gs.coem.users.TaskServiceUsersApplication
java_class_path (initial): E:\Users\1124418\Documents\Work\Sistemas Bus de Operaciones Kafka\Desarrollos\MVP-SPEI\BOK\task-service-async-consumer-bok-base\target\classes;e:\Users\1124418\.m2\repository\io\confluent\kafka-schema-registry-client\5.3.0\kafka-schema-registry-client-5.3.0.jar;e:\Users\1124418\.m2\repository\org\apache\kafka\kafka-clients\3.1.2\kafka-clients-3.1.2.jar;e:\Users\1124418\.m2\repository\com\github\luben\zstd-jni\1.5.0-4\zstd-jni-1.5.0-4.jar;e:\Users\1124418\.m2\repository\org\lz4\lz4-java\1.8.0\lz4-java-1.8.0.jar;e:\Users\1124418\.m2\repository\io\confluent\common-config\5.3.0\common-config-5.3.0.jar;e:\Users\1124418\.m2\repository\com\fasterxml\jackson\core\jackson-databind\2.13.4.2\jackson-databind-2.13.4.2.jar;e:\Users\1124418\.m2\repository\com\fasterxml\jackson\core\jackson-annotations\2.13.4\jackson-annotations-2.13.4.jar;e:\Users\1124418\.m2\repository\com\fasterxml\jackson\core\jackson-core\2.13.4\jackson-core-2.13.4.jar;e:\Users\1124418\.m2\repository\io\confluent\common-utils\5.3.0\common-utils-5.3.0.jar;e:\Users\1124418\.m2\repository\com\101tec\zkclient\0.10\zkclient-0.10.jar;e:\Users\1124418\.m2\repository\org\apache\avro\avro\1.8.2\avro-1.8.2.jar;e:\Users\1124418\.m2\repository\org\codehaus\jackson\jackson-core-asl\1.9.13\jackson-core-asl-1.9.13.jar;e:\Users\1124418\.m2\repository\org\codehaus\jackson\jackson-mapper-asl\1.9.13\jackson-mapper-asl-1.9.13.jar;e:\Users\1124418\.m2\repository\com\thoughtworks\paranamer\paranamer\2.7\paranamer-2.7.jar;e:\Users\1124418\.m2\repository\org\xerial\snappy\snappy-java\1.1.1.3\snappy-java-1.1.1.3.jar;e:\Users\1124418\.m2\repository\org\apache\commons\commons-compress\1.8.1\commons-compress-1.8.1.jar;e:\Users\1124418\.m2\repository\org\tukaani\xz\1.5\xz-1.5.jar;e:\Users\1124418\.m2\repository\org\slf4j\slf4j-api\1.7.36\slf4j-api-1.7.36.jar;e:\Users\1124418\.m2\repository\io\confluent\kafka-avro-serializer\5.2.1\kafka-avro-serializer-5.2.1.jar;e:\Users\1124418\.m2\repository\org\springframework\boot\spring-boot-starter-actuator\2.7.5\spring-boot-starter-actuator-2.7.5.jar;e:\Users\1124418\.m2\repository\org\springframework\boot\spring-boot-starter\2.7.5\spring-boot-starter-2.7.5.jar;e:\Users\1124418\.m2\repository\org\springframework\boot\spring-boot-starter-logging\2.7.5\spring-boot-starter-logging-2.7.5.jar;e:\Users\1124418\.m2\repository\ch\qos\logback\logback-classic\1.2.11\logback-classic-1.2.11.jar;e:\Users\1124418\.m2\repository\ch\qos\logback\logback-core\1.2.11\logback-core-1.2.11.jar;e:\Users\1124418\.m2\repository\org\apache\logging\log4j\log4j-to-slf4j\2.17.2\log4j-to-slf4j-2.17.2.jar;e:\Users\1124418\.m2\repository\org\apache\logging\log4j\log4j-api\2.17.2\log4j-api-2.17.2.jar;e:\Users\1124418\.m2\repository\org\slf4j\jul-to-slf4j\1.7.36\jul-to-slf4j-1.7.36.jar;e:\Users\1124418\.m2\repository\jakarta\annotation\jakarta.annotation-api\1.3.5\jakarta.annotation-api-1.3.5.jar;e:\Users\1124418\.m2\repository\org\yaml\snakeyaml\1.30\snakeyaml-1.30.jar;e:\Users\1124418\.m2\repository\org\springframework\boot\spring-boot-actuator-autoconfigure\2.7.5\spring-boot-actuator-autoconfigure-2.7.5.jar;e:\Users\1124418\.m2\repository\org\springframework\boot\spring-boot-actuator\2.7.5\spring-boot-actuator-2.7.5.jar;e:\Users\1124418\.m2\repository\com\fasterxml\jackson\datatype\jackson-datatype-jsr310\2.13.4\jackson-datatype-jsr310-2.13.4.jar;e:\Users\1124418\.m2\repository\io\micrometer\micrometer-core\1.9.5\micrometer-core-1.9.5.jar;e:\Users\1124418\.m2\repository\org\hdrhistogram\HdrHistogram\2.1.12\HdrHistogram-2.1.12.jar;e:\Users\1124418\.m2\repository\org\latencyutils\LatencyUtils\2.0.3\LatencyUtils-2.0.3.jar;e:\Users\1124418\.m2\repository\org\springframework\boot\spring-boot-starter-web\2.7.5\spring-boot-starter-web-2.7.5.jar;e:\Users\1124418\.m2\repository\org\springframework\boot\spring-boot-starter-json\2.7.5\spring-boot-starter-json-2.7.5.jar;e:\Users\1124418\.m2\repository\com\fasterxml\jackson\datatype\jackson-datatype-jdk8\2.13.4\jackson-datatype-jdk8-2.13.4.jar;e:\Users\1124418\.m2\repository\com\fasterxml\jackson\module\jackson-module-parameter-names\2.13.4\jackson-module-parameter-names-2.13.4.jar;e:\Users\1124418\.m2\repository\org\springframework\boot\spring-boot-starter-tomcat\2.7.5\spring-boot-starter-tomcat-2.7.5.jar;e:\Users\1124418\.m2\repository\org\apache\tomcat\embed\tomcat-embed-core\9.0.68\tomcat-embed-core-9.0.68.jar;e:\Users\1124418\.m2\repository\org\apache\tomcat\embed\tomcat-embed-el\9.0.68\tomcat-embed-el-9.0.68.jar;e:\Users\1124418\.m2\repository\org\apache\tomcat\embed\tomcat-embed-websocket\9.0.68\tomcat-embed-websocket-9.0.68.jar;e:\Users\1124418\.m2\repository\org\springframework\spring-web\5.3.23\spring-web-5.3.23.jar;e:\Users\1124418\.m2\repository\org\springframework\spring-beans\5.3.23\spring-beans-5.3.23.jar;e:\Users\1124418\.m2\repository\org\springframework\spring-webmvc\5.3.23\spring-webmvc-5.3.23.jar;e:\Users\1124418\.m2\repository\org\springframework\spring-aop\5.3.23\spring-aop-5.3.23.jar;e:\Users\1124418\.m2\repository\org\springframework\spring-expression\5.3.23\spring-expression-5.3.23.jar;e:\Users\1124418\.m2\repository\org\springframework\cloud\spring-cloud-starter-openfeign\3.1.4\spring-cloud-starter-openfeign-3.1.4.jar;e:\Users\1124418\.m2\repository\org\springframework\cloud\spring-cloud-starter\3.1.4\spring-cloud-starter-3.1.4.jar;e:\Users\1124418\.m2\repository\org\springframework\cloud\spring-cloud-context\3.1.4\spring-cloud-context-3.1.4.jar;e:\Users\1124418\.m2\repository\org\springframework\security\spring-security-rsa\1.0.11.RELEASE\spring-security-rsa-1.0.11.RELEASE.jar;e:\Users\1124418\.m2\repository\org\bouncycastle\bcpkix-jdk15on\1.69\bcpkix-jdk15on-1.69.jar;e:\Users\1124418\.m2\repository\org\bouncycastle\bcprov-jdk15on\1.69\bcprov-jdk15on-1.69.jar;e:\Users\1124418\.m2\repository\org\bouncycastle\bcutil-jdk15on\1.69\bcutil-jdk15on-1.69.jar;e:\Users\1124418\.m2\repository\org\springframework\cloud\spring-cloud-openfeign-core\3.1.4\spring-cloud-openfeign-core-3.1.4.jar;e:\Users\1124418\.m2\repository\org\springframework\boot\spring-boot-starter-aop\2.7.5\spring-boot-starter-aop-2.7.5.jar;e:\Users\1124418\.m2\repository\org\aspectj\aspectjweaver\1.9.7\aspectjweaver-1.9.7.jar;e:\Users\1124418\.m2\repository\io\github\openfeign\form\feign-form-spring\3.8.0\feign-form-spring-3.8.0.jar;e:\Users\1124418\.m2\repository\io\github\openfeign\form\feign-form\3.8.0\feign-form-3.8.0.jar;e:\Users\1124418\.m2\repository\commons-fileupload\commons-fileupload\1.4\commons-fileupload-1.4.jar;e:\Users\1124418\.m2\repository\org\springframework\cloud\spring-cloud-commons\3.1.4\spring-cloud-commons-3.1.4.jar;e:\Users\1124418\.m2\repository\org\springframework\security\spring-security-crypto\5.7.4\spring-security-crypto-5.7.4.jar;e:\Users\1124418\.m2\repository\io\github\openfeign\feign-core\11.8\feign-core-11.8.jar;e:\Users\1124418\.m2\repository\io\github\openfeign\feign-slf4j\11.8\feign-slf4j-11.8.jar;e:\Users\1124418\.m2\repository\org\springframework\kafka\spring-kafka\2.8.10\spring-kafka-2.8.10.jar;e:\Users\1124418\.m2\repository\org\springframework\spring-context\5.3.23\spring-context-5.3.23.jar;e:\Users\1124418\.m2\repository\org\springframework\spring-messaging\5.3.23\spring-messaging-5.3.23.jar;e:\Users\1124418\.m2\repository\org\springframework\spring-tx\5.3.23\spring-tx-5.3.23.jar;e:\Users\1124418\.m2\repository\org\springframework\retry\spring-retry\1.3.4\spring-retry-1.3.4.jar;e:\Users\1124418\.m2\repository\com\google\code\findbugs\jsr305\3.0.2\jsr305-3.0.2.jar;e:\Users\1124418\.m2\repository\commons-codec\commons-codec\1.15\commons-codec-1.15.jar;e:\Users\1124418\.m2\repository\org\springframework\boot\spring-boot-devtools\2.7.5\spring-boot-devtools-2.7.5.jar;e:\Users\1124418\.m2\repository\org\springframework\boot\spring-boot\2.7.5\spring-boot-2.7.5.jar;e:\Users\1124418\.m2\repository\org\springframework\boot\spring-boot-autoconfigure\2.7.5\spring-boot-autoconfigure-2.7.5.jar;e:\Users\1124418\.m2\repository\org\springframework\spring-core\5.3.23\spring-core-5.3.23.jar;e:\Users\1124418\.m2\repository\org\springframework\spring-jcl\5.3.23\spring-jcl-5.3.23.jar;e:\Users\1124418\.m2\repository\org\apache\zookeeper\zookeeper\3.6.3\zookeeper-3.6.3.jar;e:\Users\1124418\.m2\repository\org\apache\zookeeper\zookeeper-jute\3.6.3\zookeeper-jute-3.6.3.jar;e:\Users\1124418\.m2\repository\org\apache\yetus\audience-annotations\0.5.0\audience-annotations-0.5.0.jar;e:\Users\1124418\.m2\repository\io\netty\netty-handler\4.1.84.Final\netty-handler-4.1.84.Final.jar;e:\Users\1124418\.m2\repository\io\netty\netty-common\4.1.84.Final\netty-common-4.1.84.Final.jar;e:\Users\1124418\.m2\repository\io\netty\netty-resolver\4.1.84.Final\netty-resolver-4.1.84.Final.jar;e:\Users\1124418\.m2\repository\io\netty\netty-buffer\4.1.84.Final\netty-buffer-4.1.84.Final.jar;e:\Users\1124418\.m2\repository\io\netty\netty-transport\4.1.84.Final\netty-transport-4.1.84.Final.jar;e:\Users\1124418\.m2\repository\io\netty\netty-transport-native-unix-common\4.1.84.Final\netty-transport-native-unix-common-4.1.84.Final.jar;e:\Users\1124418\.m2\repository\io\netty\netty-codec\4.1.84.Final\netty-codec-4.1.84.Final.jar;e:\Users\1124418\.m2\repository\io\netty\netty-transport-native-epoll\4.1.84.Final\netty-transport-native-epoll-4.1.84.Final.jar;e:\Users\1124418\.m2\repository\io\netty\netty-transport-classes-epoll\4.1.84.Final\netty-transport-classes-epoll-4.1.84.Final.jar
Launcher Type: SUN_STANDARD

[Global flags]
     intx CICompilerCount                          = 4                                         {product} {ergonomic}
     uint ConcGCThreads                            = 2                                         {product} {ergonomic}
     uint G1ConcRefinementThreads                  = 8                                         {product} {ergonomic}
   size_t G1HeapRegionSize                         = 2097152                                   {product} {ergonomic}
    uintx GCDrainStackTargetSize                   = 64                                        {product} {ergonomic}
   size_t InitialHeapSize                          = 264241152                                 {product} {ergonomic}
   size_t MarkStackSize                            = 4194304                                   {product} {ergonomic}
   size_t MaxHeapSize                              = 4217372672                                {product} {ergonomic}
   size_t MaxNewSize                               = 2529165312                                {product} {ergonomic}
   size_t MinHeapDeltaBytes                        = 2097152                                   {product} {ergonomic}
   size_t MinHeapSize                              = 8388608                                   {product} {ergonomic}
    uintx NonNMethodCodeHeapSize                   = 5839372                                {pd product} {ergonomic}
    uintx NonProfiledCodeHeapSize                  = 122909434                              {pd product} {ergonomic}
    uintx ProfiledCodeHeapSize                     = 122909434                              {pd product} {ergonomic}
    uintx ReservedCodeCacheSize                    = 251658240                              {pd product} {ergonomic}
     bool SegmentedCodeCache                       = true                                      {product} {ergonomic}
     bool ShowCodeDetailsInExceptionMessages       = true                                   {manageable} {command line}
   size_t SoftMaxHeapSize                          = 4217372672                             {manageable} {ergonomic}
     bool UseCompressedOops                        = true                           {product lp64_product} {ergonomic}
     bool UseG1GC                                  = true                                      {product} {ergonomic}
     bool UseLargePagesIndividualAllocation        = false                                  {pd product} {ergonomic}

Logging:
Log output configuration:
 #0: stdout all=warning uptime,level,tags foldmultilines=false
 #1: stderr all=off uptime,level,tags foldmultilines=false

Environment Variables:
JAVA_HOME=E:\Java\jdk-17
PATH=E:/Spring boot Tools/sts-4.23.1.RELEASE//plugins/org.eclipse.justj.openjdk.hotspot.jre.full.win32.x86_64_21.0.3.v20240426-1530/jre/bin/server;E:/Spring boot Tools/sts-4.23.1.RELEASE//plugins/org.eclipse.justj.openjdk.hotspot.jre.full.win32.x86_64_21.0.3.v20240426-1530/jre/bin;C:\Windows\system32;C:\Windows;C:\Windows\System32\Wbem;C:\Windows\System32\WindowsPowerShell\v1.0\;C:\Windows\System32\OpenSSH\;C:\Program Files\PuTTY\;C:\Program Files\Java\jdk-17\bin;C:\Program Files\Docker\Docker\resources\bin;E:\Java\jdk-17\bin;E:\Maven\apache-maven-3.9.6\bin;E:\Java\jdk-17;%CONFLUENT_HOME%;%PATH%\bin;IP_ORIGEN;C:\Program Files\Git\cmd;C:\Program Files\nodejs\;E:\Gradle\gradle-8.8\bin;C:\Program Files (x86)\Microsoft SQL Server\160\Tools\Binn\;C:\Program Files\Microsoft SQL Server\160\Tools\Binn\;C:\Program Files\Microsoft SQL Server\Client SDK\ODBC\170\Tools\Binn\;C:\Program Files\Microsoft SQL Server\160\DTS\Binn\;C:\Program Files (x86)\Microsoft SQL Server\160\DTS\Binn\;;e:\Users\1124418\AppData\Local\Programs\Microsoft VS Code\bin;C:\Program Files\JetBrains\IntelliJ IDEA Community Edition 2023.3.3\bin;;e:\Users\1124418\AppData\Roaming\npm;E:\Spring boot Tools\sts-4.23.1.RELEASE;
USERNAME=1124418
OS=Windows_NT
PROCESSOR_IDENTIFIER=Intel64 Family 6 Model 140 Stepping 1, GenuineIntel
TMP=e:\Users\1124418\AppData\Local\Temp
TEMP=e:\Users\1124418\AppData\Local\Temp




Periodic native trim disabled

---------------  S Y S T E M  ---------------

OS:
 Windows 11 , 64 bit Build 22621 (10.0.22621.2215)
OS uptime: 8 days 12:39 hours
Hyper-V role detected

CPU: total 8 (initial active 8) (4 cores per cpu, 2 threads per core) family 6 model 140 stepping 1 microcode 0x86, cx8, cmov, fxsr, ht, mmx, 3dnowpref, sse, sse2, sse3, ssse3, sse4.1, sse4.2, popcnt, lzcnt, tsc, tscinvbit, avx, avx2, aes, erms, clmul, bmi1, bmi2, adx, avx512f, avx512dq, avx512cd, avx512bw, avx512vl, sha, fma, vzeroupper, avx512_vpopcntdq, avx512_vpclmulqdq, avx512_vaes, avx512_vnni, clflush, clflushopt, clwb, avx512_vbmi2, avx512_vbmi, hv, rdtscp, rdpid, fsrm, gfni, avx512_bitalg, f16c, cet_ibt, cet_ss, avx512_ifma
Processor Information for processor 0
  Max Mhz: 2803, Current Mhz: 2803, Mhz Limit: 2803
Processor Information for processor 1
  Max Mhz: 2803, Current Mhz: 2803, Mhz Limit: 2803
Processor Information for processor 2
  Max Mhz: 2803, Current Mhz: 2803, Mhz Limit: 2803
Processor Information for processor 3
  Max Mhz: 2803, Current Mhz: 2803, Mhz Limit: 2803
Processor Information for processor 4
  Max Mhz: 2803, Current Mhz: 2803, Mhz Limit: 2803
Processor Information for processor 5
  Max Mhz: 2803, Current Mhz: 2803, Mhz Limit: 2803
Processor Information for processor 6
  Max Mhz: 2803, Current Mhz: 2803, Mhz Limit: 2803
Processor Information for processor 7
  Max Mhz: 2803, Current Mhz: 1201, Mhz Limit: 2803

Memory: 4k page, system-wide physical 16082M (362M free)
TotalPageFile size 46578M (AvailPageFile size 10M)
current process WorkingSet (physical memory assigned to process): 1306M, peak: 1319M
current process commit charge ("private bytes"): 4210M, peak: 4212M

vm_info: OpenJDK 64-Bit Server VM (21.0.3+9-LTS) for windows-amd64 JRE (21.0.3+9-LTS), built on 2024-04-16T00:00:00Z by "admin" with MS VC++ 17.7 (VS2022)

END.
